,speed,dist,rssi_strongest,Throughput tcp
0,0.0,100.0,-66.0,2649990.0
1,0.0,100.0,-105.0,30851700.0
2,0.0,100.0,-88.0,31013600.0
3,0.0,100.0,-84.0,31011600.0
4,0.0,100.0,-102.0,31011600.0
5,0.0,100.0,-73.0,31011600.0
6,0.0,100.0,-101.0,31011600.0
7,0.0,100.0,-69.0,30936400.0
8,0.0,100.0,-96.0,30961900.0
9,0.0,100.0,-95.0,30936400.0
10,0.0,100.0,-68.0,30936400.0
11,0.0,100.0,-66.0,30936400.0
12,0.0,100.0,-75.0,30938400.0
13,0.0,100.0,-106.0,30936400.0
14,0.0,100.0,-68.0,30936400.0
15,0.0,100.0,-85.0,30936400.0
16,0.0,100.0,-85.0,30936400.0
17,0.0,100.0,-98.0,30938400.0
18,0.0,100.0,-70.0,30936400.0
19,0.0,100.0,-77.0,30936400.0
20,0.0,100.0,-92.0,30936400.0
21,0.0,100.0,-81.0,30938400.0
22,0.0,100.0,-94.0,30936400.0
23,0.0,100.0,-82.0,30936400.0
24,0.0,100.0,-70.0,30936400.0
25,0.0,100.0,-96.0,30936400.0
26,0.0,100.0,-72.0,30938400.0
27,0.0,100.0,-77.0,30936400.0
28,0.0,100.0,-91.0,30936400.0
29,0.0,100.0,-69.0,31006900.0
30,0.0,100.0,-87.0,31011600.0
31,0.0,100.0,-110.0,31013600.0
32,0.0,100.0,-77.0,31011600.0
33,0.0,100.0,-80.0,31011600.0
34,0.0,100.0,-104.0,31011600.0
35,0.0,100.0,-94.0,31011600.0
36,0.0,100.0,-110.0,31011600.0
37,0.0,100.0,-109.0,31011600.0
38,0.0,100.0,-93.0,31013600.0
39,0.0,100.0,-68.0,31011600.0
40,0.0,100.0,-73.0,31011600.0
41,0.0,100.0,-72.0,31011600.0
42,0.0,100.0,-94.0,31011600.0
43,0.0,100.0,-94.0,31011600.0
44,0.0,100.0,-68.0,30938400.0
45,0.0,100.0,-106.0,30959900.0
46,0.0,100.0,-72.0,30936400.0
47,0.0,100.0,-66.0,30936400.0
48,0.0,100.0,-79.0,30936400.0
49,0.0,100.0,-80.0,30938400.0
50,0.0,100.0,-92.0,30936400.0
51,0.0,100.0,-81.0,30936400.0
52,0.0,100.0,-82.0,30936400.0
53,0.0,100.0,-87.0,30938400.0
54,0.0,100.0,-68.0,30936400.0
55,0.0,100.0,-67.0,30936400.0
56,0.0,100.0,-94.0,30936400.0
57,0.0,100.0,-82.0,30936400.0
58,0.0,100.0,-98.0,30938400.0
59,0.0,100.0,-86.0,30936400.0
60,0.0,100.0,-98.0,30936400.0
61,0.0,100.0,-94.0,30936400.0
62,0.0,100.0,-108.0,30938400.0
63,0.0,100.0,-71.0,30936400.0
64,0.0,100.0,-73.0,30936400.0
65,0.0,100.0,-76.0,30936400.0
66,0.0,100.0,-84.0,31006900.0
67,0.0,100.0,-107.0,31016400.0
68,0.0,100.0,-67.0,31008900.0
69,0.0,100.0,-74.0,31011600.0
70,0.0,100.0,-82.0,31011600.0
71,0.0,100.0,-104.0,31011600.0
72,0.0,100.0,-86.0,31011600.0
73,0.0,100.0,-84.0,31011600.0
74,0.0,100.0,-88.0,31013600.0
75,0.0,100.0,-93.0,31011600.0
76,0.0,100.0,-106.0,31011600.0
77,0.0,100.0,-82.0,31011600.0
78,0.0,100.0,-70.0,31011600.0
79,0.0,100.0,-72.0,31011600.0
80,0.0,100.0,-95.0,31008900.0
81,0.0,100.0,-81.0,30941100.0
82,0.0,100.0,-81.0,30959900.0
83,0.0,100.0,-94.0,30936400.0
84,0.0,100.0,-71.0,30936400.0
85,0.0,100.0,-76.0,30938400.0
86,0.0,100.0,-95.0,30936400.0
87,0.0,100.0,-81.0,30936400.0
88,0.0,100.0,-102.0,30936400.0
89,0.0,100.0,-90.0,30936400.0
90,0.0,100.0,-90.0,30938400.0
91,0.0,100.0,-81.0,30936400.0
92,0.0,100.0,-69.0,30936400.0
93,0.0,100.0,-77.0,30936400.0
94,0.0,100.0,-78.0,30938400.0
95,0.0,100.0,-108.0,30936400.0
96,0.0,100.0,-74.0,30936400.0
97,0.0,100.0,-102.0,30936400.0
98,0.0,100.0,-86.0,30936400.0
99,0.0,100.0,-100.0,30938400.0
100,0.0,100.0,-67.0,30936400.0
101,0.0,100.0,-96.0,30936400.0
102,0.0,100.0,-85.0,30936400.0
103,0.0,100.0,-83.0,31011600.0
104,0.0,100.0,-72.0,31008900.0
105,0.0,100.0,-105.0,31011600.0
106,0.0,100.0,-73.0,31011600.0
107,0.0,100.0,-71.0,31011600.0
108,0.0,100.0,-66.0,31011600.0
109,0.0,100.0,-92.0,31011600.0
110,0.0,100.0,-91.0,31013600.0
111,0.0,100.0,-79.0,31011600.0
112,0.0,100.0,-107.0,31011600.0
113,0.0,100.0,-75.0,31011600.0
114,0.0,27.5862,-91.0,28432.0
115,0.0,27.5862,-74.0,2445820.0
116,0.0,27.5862,-77.0,8067630.0
117,0.0,27.5862,-80.0,9409370.0
118,0.0,27.5862,-110.0,13617300.0
119,0.0,27.5862,-70.0,5104780.0
120,0.0,27.5862,-68.0,9456710.0
121,0.0,27.5862,-95.0,22442000.0
122,0.0,27.5862,-82.0,12125100.0
123,0.0,27.5862,-68.0,12212300.0
124,0.0,27.5862,-68.0,16012800.0
125,0.0,27.5862,-106.0,1314040.0
126,0.0,27.5862,-104.0,8430790.0
127,0.0,27.5862,-83.0,1314040.0
128,0.0,27.5862,-110.0,8619540.0
129,0.0,27.5862,-99.0,1314040.0
130,0.0,27.5862,-82.0,11079900.0
131,0.0,27.5862,-77.0,1314040.0
132,0.0,27.5862,-86.0,19250900.0
133,0.0,27.5862,-99.0,1314040.0
134,0.0,27.5862,-82.0,14919000.0
135,0.0,27.5862,-76.0,1314030.0
136,0.0,27.5862,-103.0,4170360.0
137,0.0,27.5862,-93.0,1314030.0
138,0.0,27.5862,-66.0,6321070.0
139,0.0,27.5862,-89.0,1314040.0
140,0.0,27.5862,-68.0,16170700.0
141,0.0,27.5862,-104.0,1314040.0
142,0.0,27.5862,-89.0,12116900.0
143,0.0,27.5862,-86.0,1314040.0
144,0.0,27.5862,-87.0,17087200.0
145,0.0,27.5862,-93.0,1314040.0
146,0.0,27.5862,-67.0,36484300.0
147,0.0,27.5862,-75.0,1314040.0
148,0.0,27.5862,-78.0,15758100.0
149,0.0,27.5862,-97.0,1314030.0
150,0.0,27.5862,-80.0,3713040.0
151,0.0,27.5862,-80.0,1314040.0
152,0.0,27.5862,-78.0,11675300.0
153,0.0,27.5862,-94.0,1314030.0
154,0.0,27.5862,-95.0,4006540.0
155,0.0,18.7083,-84.0,28432.0
156,0.0,18.7083,-86.0,2445820.0
157,0.0,18.7083,-82.0,4388060.0
158,0.0,18.7083,-108.0,1946070.0
159,0.0,18.7083,-73.0,1995100.0
160,0.0,18.7083,-106.0,1866850.0
161,0.0,18.7083,-96.0,2710050.0
162,0.0,18.7083,-77.0,2072940.0
163,0.0,18.7083,-77.0,1830740.0
164,0.0,18.7083,-86.0,1314030.0
165,0.0,18.7083,-79.0,246568.0
166,0.0,18.7083,-105.0,1314030.0
167,0.0,18.7083,-104.0,50768.0
168,0.0,18.7083,-70.0,1314030.0
169,0.0,18.7083,-109.0,78296.0
170,0.0,18.7083,-92.0,1314030.0
171,0.0,18.7083,-84.0,939256.0
172,0.0,18.7083,-76.0,1314030.0
173,0.0,18.7083,-69.0,13928.0
174,0.0,18.7083,-104.0,691368.0
175,0.0,18.7083,-87.0,865352.0
176,0.0,18.7083,-90.0,1314030.0
177,0.0,18.7083,-90.0,570088.0
178,0.0,18.7083,-74.0,1314030.0
179,0.0,18.7083,-100.0,151320.0
180,0.0,18.7083,-79.0,1314030.0
181,0.0,18.7083,-76.0,692936.0
182,0.0,18.7083,-78.0,1314030.0
183,0.0,18.7083,-75.0,2355660.0
184,0.0,18.7083,-76.0,1314030.0
185,0.0,18.7083,-88.0,468768.0
186,0.0,18.7083,-76.0,575976.0
187,0.0,18.7083,-91.0,988872.0
188,0.0,18.7083,-70.0,645640.0
189,0.0,70.9225,-79.0,28432.0
190,0.0,70.9225,-66.0,2445830.0
191,0.0,70.9225,-79.0,44045400.0
192,0.0,70.9225,-71.0,13743200.0
193,0.0,70.9225,-77.0,27620200.0
194,0.0,70.9225,-92.0,14389900.0
195,0.0,70.9225,-89.0,13613800.0
196,0.0,70.9225,-92.0,5108310.0
197,0.0,70.9225,-84.0,9456710.0
198,0.0,70.9225,-102.0,25869900.0
199,0.0,70.9225,-86.0,16713000.0
200,0.0,70.9225,-73.0,11571800.0
201,0.0,70.9225,-78.0,11597900.0
202,0.0,70.9225,-79.0,6779690.0
203,0.0,70.9225,-66.0,1314040.0
204,0.0,70.9225,-77.0,8619540.0
205,0.0,70.9225,-107.0,1314040.0
206,0.0,70.9225,-70.0,11079900.0
207,0.0,70.9225,-99.0,1314040.0
208,0.0,70.9225,-93.0,19250900.0
209,0.0,70.9225,-108.0,1314040.0
210,0.0,70.9225,-85.0,14919000.0
211,0.0,70.9225,-79.0,1314030.0
212,0.0,70.9225,-103.0,4170360.0
213,0.0,70.9225,-99.0,1314030.0
214,0.0,70.9225,-105.0,6321070.0
215,0.0,70.9225,-80.0,1314040.0
216,0.0,70.9225,-82.0,16170700.0
217,0.0,70.9225,-69.0,1314040.0
218,0.0,70.9225,-85.0,12116900.0
219,0.0,70.9225,-75.0,1314040.0
220,0.0,70.9225,-87.0,17087200.0
221,0.0,70.9225,-88.0,1314040.0
222,0.0,70.9225,-90.0,36484300.0
223,0.0,70.9225,-74.0,1314040.0
224,0.0,70.9225,-66.0,15758100.0
225,0.0,70.9225,-101.0,1314030.0
226,0.0,70.9225,-84.0,3713040.0
227,0.0,70.9225,-76.0,1314040.0
228,0.0,70.9225,-101.0,11675300.0
229,0.0,70.9225,-91.0,1314030.0
230,0.0,70.9225,-93.0,4006540.0
231,0.0,66.7907,-86.0,10985700.0
232,0.0,66.7907,-92.0,45831700.0
233,0.0,66.7907,-104.0,45833700.0
234,0.0,66.7907,-69.0,44685900.0
235,0.0,66.7907,-79.0,45831700.0
236,0.0,66.7907,-75.0,44687900.0
237,0.0,66.7907,-102.0,45831700.0
238,0.0,66.7907,-106.0,45831700.0
239,0.0,66.7907,-67.0,44687900.0
240,0.0,66.7907,-108.0,45831700.0
241,0.0,66.7907,-106.0,44685900.0
242,0.0,66.7907,-88.0,45833700.0
243,0.0,66.7907,-77.0,45831700.0
244,0.0,66.7907,-103.0,44685900.0
245,0.0,66.7907,-98.0,45831700.0
246,0.0,66.7907,-109.0,45099800.0
247,0.0,66.7907,-99.0,45419700.0
248,0.0,66.7907,-72.0,45831700.0
249,0.0,66.7907,-75.0,44687900.0
250,0.0,66.7907,-90.0,45831700.0
251,0.0,66.7907,-91.0,45509100.0
252,0.0,66.7907,-74.0,45010500.0
253,0.0,66.7907,-106.0,45831700.0
254,0.0,66.7907,-92.0,44685900.0
255,0.0,66.7907,-101.0,45833700.0
256,0.0,66.7907,-109.0,45831700.0
257,0.0,66.7907,-94.0,44685900.0
258,0.0,66.7907,-83.0,45833700.0
259,0.0,66.7907,-67.0,44685900.0
260,0.0,66.7907,-70.0,45831700.0
261,0.0,66.7907,-103.0,45833700.0
262,0.0,66.7907,-73.0,44685900.0
263,0.0,66.7907,-66.0,45831700.0
264,0.0,66.7907,-77.0,44687900.0
265,0.0,66.7907,-79.0,45831700.0
266,0.0,66.7907,-104.0,45831700.0
267,0.0,66.7907,-87.0,44687900.0
268,0.0,66.7907,-83.0,45831700.0
269,0.0,66.7907,-91.0,44685900.0
270,0.0,66.7907,-103.0,45833700.0
271,0.0,66.7907,-81.0,45831700.0
272,0.0,66.7907,-81.0,44685900.0
273,0.0,66.7907,-85.0,45831700.0
274,0.0,66.7907,-96.0,44687900.0
275,0.0,66.7907,-75.0,45831700.0
276,0.0,66.7907,-85.0,45831700.0
277,0.0,66.7907,-103.0,44687900.0
278,0.0,66.7907,-70.0,45831700.0
279,0.0,66.7907,-76.0,44685900.0
280,0.0,66.7907,-83.0,45833700.0
281,0.0,66.7907,-99.0,45831700.0
282,0.0,66.7907,-104.0,44685900.0
283,0.0,66.7907,-109.0,45833700.0
284,0.0,66.7907,-74.0,44685900.0
285,0.0,66.7907,-75.0,45831700.0
286,0.0,66.7907,-108.0,45833700.0
287,0.0,66.7907,-90.0,44685900.0
288,0.0,66.7907,-110.0,45831700.0
289,0.0,66.7907,-67.0,44687900.0
290,0.0,66.7907,-101.0,45831700.0
291,0.0,66.7907,-73.0,45831700.0
292,0.0,66.7907,-83.0,44687900.0
293,0.0,66.7907,-103.0,45831700.0
294,0.0,66.7907,-91.0,44888200.0
295,0.0,66.7907,-107.0,45631400.0
296,0.0,66.7907,-73.0,45831700.0
297,0.0,66.7907,-76.0,44685900.0
298,0.0,66.7907,-67.0,45833700.0
299,0.0,66.7907,-79.0,45304800.0
300,0.0,66.7907,-76.0,45212700.0
301,0.0,66.7907,-110.0,45833700.0
302,0.0,66.7907,-80.0,44685900.0
303,0.0,66.7907,-94.0,45831700.0
304,0.0,66.7907,-103.0,45716100.0
305,0.0,66.7907,-100.0,44803500.0
306,0.0,66.7907,-89.0,45831700.0
307,0.0,66.7907,-110.0,44685900.0
308,0.0,66.7907,-78.0,45833700.0
309,0.0,148.095,-101.0,28432.0
310,0.0,148.095,-74.0,2445820.0
311,0.0,148.095,-98.0,8067630.0
312,0.0,148.095,-92.0,9409370.0
313,0.0,148.095,-74.0,13617300.0
314,0.0,148.095,-95.0,5104780.0
315,0.0,148.095,-103.0,9456710.0
316,0.0,148.095,-110.0,22442000.0
317,0.0,148.095,-66.0,12125100.0
318,0.0,148.095,-94.0,12212300.0
319,0.0,148.095,-80.0,16012800.0
320,0.0,148.095,-72.0,1314040.0
321,0.0,148.095,-81.0,8430790.0
322,0.0,148.095,-84.0,1314040.0
323,0.0,148.095,-92.0,8619540.0
324,0.0,148.095,-95.0,1314040.0
325,0.0,148.095,-97.0,11079900.0
326,0.0,148.095,-101.0,1314040.0
327,0.0,148.095,-93.0,19250900.0
328,0.0,148.095,-89.0,1314040.0
329,0.0,148.095,-78.0,14919000.0
330,0.0,148.095,-100.0,1314030.0
331,0.0,148.095,-94.0,4170360.0
332,0.0,148.095,-76.0,1314030.0
333,0.0,148.095,-71.0,6321070.0
334,0.0,148.095,-88.0,1314040.0
335,0.0,148.095,-66.0,16170700.0
336,0.0,148.095,-97.0,1314040.0
337,0.0,148.095,-103.0,12116900.0
338,0.0,148.095,-106.0,1314040.0
339,0.0,148.095,-71.0,17087200.0
340,0.0,148.095,-71.0,1314040.0
341,0.0,148.095,-100.0,36484300.0
342,0.0,148.095,-87.0,1314040.0
343,0.0,148.095,-89.0,15758100.0
344,0.0,148.095,-97.0,1314030.0
345,0.0,148.095,-93.0,3713040.0
346,0.0,148.095,-70.0,1314040.0
347,0.0,148.095,-74.0,11675300.0
348,0.0,148.095,-94.0,1314030.0
349,0.0,148.095,-73.0,4006540.0
350,0.0,100.0,-73.0,19024.0
351,0.0,100.0,-100.0,1147520.0
352,0.0,100.0,-77.0,3069420.0
353,0.0,100.0,-81.0,2631060.0
354,0.0,100.0,-71.0,1950780.0
355,0.0,100.0,-87.0,1943350.0
356,0.0,100.0,-72.0,798432.0
357,0.0,100.0,-102.0,1364770.0
358,0.0,100.0,-84.0,2775900.0
359,0.0,100.0,-103.0,2119980.0
360,0.0,100.0,-72.0,1463820.0
361,0.0,100.0,-95.0,6320.0
362,0.0,100.0,-97.0,1554280.0
363,0.0,100.0,-74.0,6320.0
364,0.0,100.0,-81.0,1358480.0
365,0.0,100.0,-76.0,6320.0
366,0.0,100.0,-89.0,1386010.0
367,0.0,100.0,-79.0,6320.0
368,0.0,100.0,-67.0,2246970.0
369,0.0,100.0,-93.0,6320.0
370,0.0,100.0,-104.0,1321640.0
371,0.0,100.0,-83.0,6312.0
372,0.0,100.0,-83.0,685056.0
373,0.0,100.0,-76.0,6312.0
374,0.0,100.0,-75.0,859040.0
375,0.0,100.0,-87.0,6320.0
376,0.0,100.0,-79.0,1877800.0
377,0.0,100.0,-105.0,6320.0
378,0.0,100.0,-105.0,1459030.0
379,0.0,100.0,-78.0,6320.0
380,0.0,100.0,-84.0,2000650.0
381,0.0,100.0,-96.0,6320.0
382,0.0,100.0,-89.0,3663370.0
383,0.0,100.0,-106.0,6320.0
384,0.0,100.0,-66.0,1776480.0
385,0.0,100.0,-110.0,6312.0
386,0.0,100.0,-99.0,569664.0
387,0.0,100.0,-75.0,6320.0
388,0.0,100.0,-102.0,982552.0
389,0.0,100.0,-73.0,6312.0
390,0.0,100.0,-102.0,639328.0
391,0.0,153.274,-80.0,28432.0
392,0.0,153.274,-78.0,2445830.0
393,0.0,153.274,-84.0,44045400.0
394,0.0,153.274,-85.0,13743200.0
395,0.0,153.274,-73.0,27620200.0
396,0.0,153.274,-88.0,14389900.0
397,0.0,153.274,-108.0,13613800.0
398,0.0,153.274,-102.0,5108310.0
399,0.0,153.274,-99.0,9456710.0
400,0.0,153.274,-104.0,25869900.0
401,0.0,153.274,-88.0,16713000.0
402,0.0,153.274,-87.0,11571800.0
403,0.0,153.274,-78.0,11597900.0
404,0.0,153.274,-82.0,6779690.0
405,0.0,153.274,-95.0,1314040.0
406,0.0,153.274,-83.0,8619540.0
407,0.0,153.274,-93.0,1314040.0
408,0.0,153.274,-66.0,11079900.0
409,0.0,153.274,-69.0,1314040.0
410,0.0,153.274,-102.0,19250900.0
411,0.0,153.274,-78.0,1314040.0
412,0.0,153.274,-102.0,14919000.0
413,0.0,153.274,-83.0,1314030.0
414,0.0,153.274,-69.0,4170360.0
415,0.0,153.274,-110.0,1314030.0
416,0.0,153.274,-93.0,6321070.0
417,0.0,153.274,-81.0,1314040.0
418,0.0,153.274,-109.0,16170700.0
419,0.0,153.274,-81.0,1314040.0
420,0.0,153.274,-76.0,12116900.0
421,0.0,153.274,-108.0,1314040.0
422,0.0,153.274,-107.0,17087200.0
423,0.0,153.274,-67.0,1314040.0
424,0.0,153.274,-110.0,36484300.0
425,0.0,153.274,-68.0,1314040.0
426,0.0,153.274,-95.0,15758100.0
427,0.0,153.274,-77.0,1314030.0
428,0.0,153.274,-76.0,3713040.0
429,0.0,153.274,-110.0,1314040.0
430,0.0,153.274,-101.0,11675300.0
431,0.0,153.274,-68.0,1314030.0
432,0.0,153.274,-100.0,4006540.0
433,0.0,81.0309,-96.0,28432.0
434,0.0,81.0309,-76.0,2445820.0
435,0.0,81.0309,-102.0,4388060.0
436,0.0,81.0309,-102.0,1946070.0
437,0.0,81.0309,-82.0,1995100.0
438,0.0,81.0309,-77.0,1866850.0
439,0.0,81.0309,-73.0,2710050.0
440,0.0,81.0309,-84.0,2072940.0
441,0.0,81.0309,-82.0,1830740.0
442,0.0,81.0309,-82.0,1314030.0
443,0.0,81.0309,-79.0,246568.0
444,0.0,81.0309,-77.0,1314030.0
445,0.0,81.0309,-87.0,50768.0
446,0.0,81.0309,-106.0,1314030.0
447,0.0,81.0309,-85.0,78296.0
448,0.0,81.0309,-109.0,1314030.0
449,0.0,81.0309,-103.0,939256.0
450,0.0,81.0309,-107.0,1314030.0
451,0.0,81.0309,-100.0,13928.0
452,0.0,81.0309,-68.0,691368.0
453,0.0,81.0309,-106.0,865352.0
454,0.0,81.0309,-70.0,1314030.0
455,0.0,81.0309,-66.0,570088.0
456,0.0,81.0309,-110.0,1314030.0
457,0.0,81.0309,-101.0,151320.0
458,0.0,81.0309,-81.0,1314030.0
459,0.0,81.0309,-69.0,692936.0
460,0.0,81.0309,-110.0,1314030.0
461,0.0,81.0309,-86.0,2355660.0
462,0.0,81.0309,-90.0,1314030.0
463,0.0,81.0309,-94.0,468768.0
464,0.0,81.0309,-76.0,575976.0
465,0.0,81.0309,-89.0,988872.0
466,0.0,81.0309,-82.0,645640.0
467,0.0,162.274,-96.0,10985700.0
468,0.0,162.274,-77.0,45831700.0
469,0.0,162.274,-96.0,45833700.0
470,0.0,162.274,-99.0,44685900.0
471,0.0,162.274,-71.0,45831700.0
472,0.0,162.274,-74.0,44687900.0
473,0.0,162.274,-84.0,45831700.0
474,0.0,162.274,-76.0,45831700.0
475,0.0,162.274,-95.0,44687900.0
476,0.0,162.274,-72.0,45831700.0
477,0.0,162.274,-104.0,44685900.0
478,0.0,162.274,-73.0,45833700.0
479,0.0,162.274,-92.0,45831700.0
480,0.0,162.274,-71.0,44685900.0
481,0.0,162.274,-83.0,45831700.0
482,0.0,162.274,-97.0,45066900.0
483,0.0,162.274,-78.0,45452600.0
484,0.0,162.274,-84.0,45831700.0
485,0.0,162.274,-94.0,44687900.0
486,0.0,162.274,-69.0,45831700.0
487,0.0,162.274,-92.0,45447900.0
488,0.0,162.274,-101.0,45071600.0
489,0.0,162.274,-79.0,45831700.0
490,0.0,162.274,-74.0,44685900.0
491,0.0,162.274,-88.0,45833700.0
492,0.0,162.274,-68.0,45812900.0
493,0.0,162.274,-110.0,44704700.0
494,0.0,162.274,-71.0,45833700.0
495,0.0,162.274,-80.0,44685900.0
496,0.0,162.274,-76.0,45831700.0
497,0.0,162.274,-74.0,45833700.0
498,0.0,162.274,-109.0,44685900.0
499,0.0,162.274,-66.0,45831700.0
500,0.0,162.274,-66.0,44687900.0
501,0.0,162.274,-108.0,45831700.0
502,0.0,162.274,-109.0,45831700.0
503,0.0,162.274,-99.0,44687900.0
504,0.0,162.274,-89.0,45831700.0
505,0.0,162.274,-80.0,44685900.0
506,0.0,162.274,-100.0,45833700.0
507,0.0,162.274,-69.0,45831700.0
508,0.0,162.274,-85.0,44685900.0
509,0.0,162.274,-70.0,45831700.0
510,0.0,162.274,-77.0,44687900.0
511,0.0,162.274,-75.0,45831700.0
512,0.0,162.274,-103.0,45831700.0
513,0.0,162.274,-96.0,44687900.0
514,0.0,162.274,-76.0,45831700.0
515,0.0,162.274,-84.0,44685900.0
516,0.0,162.274,-80.0,45833700.0
517,0.0,162.274,-76.0,45831700.0
518,0.0,162.274,-95.0,44685900.0
519,0.0,162.274,-102.0,45833700.0
520,0.0,162.274,-110.0,44685900.0
521,0.0,162.274,-97.0,45831700.0
522,0.0,162.274,-83.0,45833700.0
523,0.0,162.274,-100.0,44685900.0
524,0.0,162.274,-92.0,45831700.0
525,0.0,162.274,-67.0,44687900.0
526,0.0,162.274,-102.0,45831700.0
527,0.0,162.274,-83.0,45831700.0
528,0.0,162.274,-103.0,44687900.0
529,0.0,162.274,-92.0,45831700.0
530,0.0,162.274,-100.0,44874000.0
531,0.0,162.274,-83.0,45645500.0
532,0.0,162.274,-106.0,45831700.0
533,0.0,162.274,-78.0,44685900.0
534,0.0,162.274,-78.0,45833700.0
535,0.0,162.274,-102.0,45257800.0
536,0.0,162.274,-91.0,45259800.0
537,0.0,162.274,-106.0,45833700.0
538,0.0,162.274,-105.0,44685900.0
539,0.0,162.274,-104.0,45831700.0
540,0.0,162.274,-98.0,45636100.0
541,0.0,162.274,-79.0,44883500.0
542,0.0,162.274,-70.0,45831700.0
543,0.0,162.274,-69.0,44685900.0
544,0.0,162.274,-89.0,45833700.0
545,0.0,69.728,-98.0,28432.0
546,0.0,69.728,-108.0,2445820.0
547,0.0,69.728,-109.0,8067630.0
548,0.0,69.728,-86.0,9409370.0
549,0.0,69.728,-70.0,13617300.0
550,0.0,69.728,-79.0,5104780.0
551,0.0,69.728,-96.0,9456710.0
552,0.0,69.728,-104.0,22442000.0
553,0.0,69.728,-68.0,12125100.0
554,0.0,69.728,-96.0,12212300.0
555,0.0,69.728,-77.0,16012800.0
556,0.0,69.728,-68.0,1314040.0
557,0.0,69.728,-83.0,8430790.0
558,0.0,69.728,-110.0,1314040.0
559,0.0,69.728,-89.0,8619540.0
560,0.0,69.728,-103.0,1314040.0
561,0.0,69.728,-92.0,11079900.0
562,0.0,69.728,-96.0,1314040.0
563,0.0,69.728,-91.0,19250900.0
564,0.0,69.728,-92.0,1314040.0
565,0.0,69.728,-108.0,14919000.0
566,0.0,69.728,-74.0,1314030.0
567,0.0,69.728,-95.0,4170360.0
568,0.0,69.728,-93.0,1314030.0
569,0.0,69.728,-87.0,6321070.0
570,0.0,69.728,-95.0,1314040.0
571,0.0,69.728,-75.0,16170700.0
572,0.0,69.728,-91.0,1314040.0
573,0.0,69.728,-84.0,12116900.0
574,0.0,69.728,-77.0,1314040.0
575,0.0,69.728,-66.0,17087200.0
576,0.0,69.728,-81.0,1314040.0
577,0.0,69.728,-102.0,36484300.0
578,0.0,69.728,-96.0,1314040.0
579,0.0,69.728,-110.0,15758100.0
580,0.0,69.728,-75.0,1314030.0
581,0.0,69.728,-77.0,3713040.0
582,0.0,69.728,-106.0,1314040.0
583,0.0,69.728,-78.0,11675300.0
584,0.0,69.728,-71.0,1314030.0
585,0.0,69.728,-70.0,4006540.0
586,0.0,99.5239,-95.0,28432.0
587,0.0,99.5239,-76.0,2445820.0
588,0.0,99.5239,-100.0,4388060.0
589,0.0,99.5239,-69.0,1946070.0
590,0.0,99.5239,-107.0,1995100.0
591,0.0,99.5239,-94.0,1866850.0
592,0.0,99.5239,-103.0,2710050.0
593,0.0,99.5239,-77.0,2072940.0
594,0.0,99.5239,-89.0,1830740.0
595,0.0,99.5239,-81.0,1314030.0
596,0.0,99.5239,-94.0,246568.0
597,0.0,99.5239,-88.0,1314030.0
598,0.0,99.5239,-79.0,50768.0
599,0.0,99.5239,-93.0,1314030.0
600,0.0,99.5239,-90.0,78296.0
601,0.0,99.5239,-91.0,1314030.0
602,0.0,99.5239,-87.0,939256.0
603,0.0,99.5239,-76.0,1314030.0
604,0.0,99.5239,-72.0,13928.0
605,0.0,99.5239,-87.0,691368.0
606,0.0,99.5239,-104.0,865352.0
607,0.0,99.5239,-82.0,1314030.0
608,0.0,99.5239,-76.0,570088.0
609,0.0,99.5239,-86.0,1314030.0
610,0.0,99.5239,-99.0,151320.0
611,0.0,99.5239,-92.0,1314030.0
612,0.0,99.5239,-82.0,692936.0
613,0.0,99.5239,-76.0,1314030.0
614,0.0,99.5239,-98.0,2355660.0
615,0.0,99.5239,-99.0,1314030.0
616,0.0,99.5239,-70.0,468768.0
617,0.0,99.5239,-71.0,575976.0
618,0.0,99.5239,-95.0,988872.0
619,0.0,99.5239,-89.0,645640.0
620,0.0,171.968,-73.0,28432.0
621,0.0,171.968,-98.0,2445830.0
622,0.0,171.968,-99.0,44045400.0
623,0.0,171.968,-77.0,13743200.0
624,0.0,171.968,-71.0,27620200.0
625,0.0,171.968,-93.0,14389900.0
626,0.0,171.968,-86.0,13613800.0
627,0.0,171.968,-102.0,5108310.0
628,0.0,171.968,-67.0,9456710.0
629,0.0,171.968,-106.0,25869900.0
630,0.0,171.968,-90.0,16713000.0
631,0.0,171.968,-103.0,11571800.0
632,0.0,171.968,-80.0,11597900.0
633,0.0,171.968,-97.0,6779690.0
634,0.0,171.968,-70.0,1314040.0
635,0.0,171.968,-79.0,8619540.0
636,0.0,171.968,-105.0,1314040.0
637,0.0,171.968,-74.0,11079900.0
638,0.0,171.968,-67.0,1314040.0
639,0.0,171.968,-104.0,19250900.0
640,0.0,171.968,-82.0,1314040.0
641,0.0,171.968,-98.0,14919000.0
642,0.0,171.968,-76.0,1314030.0
643,0.0,171.968,-80.0,4170360.0
644,0.0,171.968,-66.0,1314030.0
645,0.0,171.968,-74.0,6321070.0
646,0.0,171.968,-83.0,1314040.0
647,0.0,171.968,-87.0,16170700.0
648,0.0,171.968,-109.0,1314040.0
649,0.0,171.968,-97.0,12116900.0
650,0.0,171.968,-101.0,1314040.0
651,0.0,171.968,-88.0,17087200.0
652,0.0,171.968,-84.0,1314040.0
653,0.0,171.968,-98.0,36484300.0
654,0.0,171.968,-76.0,1314040.0
655,0.0,171.968,-104.0,15758100.0
656,0.0,171.968,-103.0,1314030.0
657,0.0,171.968,-90.0,3713040.0
658,0.0,171.968,-69.0,1314040.0
659,0.0,171.968,-86.0,11675300.0
660,0.0,171.968,-84.0,1314030.0
661,0.0,171.968,-109.0,4006540.0
662,0.0,163.905,-99.0,10985700.0
663,0.0,163.905,-75.0,45831700.0
664,0.0,163.905,-68.0,45833700.0
665,0.0,163.905,-107.0,44685900.0
666,0.0,163.905,-109.0,45831700.0
667,0.0,163.905,-106.0,44687900.0
668,0.0,163.905,-90.0,45831700.0
669,0.0,163.905,-66.0,45831700.0
670,0.0,163.905,-79.0,44687900.0
671,0.0,163.905,-77.0,45831700.0
672,0.0,163.905,-67.0,44685900.0
673,0.0,163.905,-87.0,45833700.0
674,0.0,163.905,-85.0,45831700.0
675,0.0,163.905,-80.0,44685900.0
676,0.0,163.905,-108.0,45831700.0
677,0.0,163.905,-89.0,45066900.0
678,0.0,163.905,-77.0,45452600.0
679,0.0,163.905,-88.0,45831700.0
680,0.0,163.905,-104.0,44687900.0
681,0.0,163.905,-96.0,45831700.0
682,0.0,163.905,-67.0,45447900.0
683,0.0,163.905,-108.0,45071600.0
684,0.0,163.905,-81.0,45831700.0
685,0.0,163.905,-88.0,44685900.0
686,0.0,163.905,-72.0,45833700.0
687,0.0,163.905,-97.0,45812900.0
688,0.0,163.905,-97.0,44704700.0
689,0.0,163.905,-66.0,45833700.0
690,0.0,163.905,-74.0,44685900.0
691,0.0,163.905,-78.0,45831700.0
692,0.0,163.905,-109.0,45833700.0
693,0.0,163.905,-77.0,44685900.0
694,0.0,163.905,-69.0,45831700.0
695,0.0,163.905,-96.0,44687900.0
696,0.0,163.905,-84.0,45831700.0
697,0.0,163.905,-69.0,45831700.0
698,0.0,163.905,-82.0,44687900.0
699,0.0,163.905,-91.0,45831700.0
700,0.0,163.905,-103.0,44685900.0
701,0.0,163.905,-88.0,45833700.0
702,0.0,163.905,-109.0,45831700.0
703,0.0,163.905,-105.0,44685900.0
704,0.0,163.905,-109.0,45831700.0
705,0.0,163.905,-66.0,44687900.0
706,0.0,163.905,-90.0,45831700.0
707,0.0,163.905,-81.0,45831700.0
708,0.0,163.905,-94.0,44687900.0
709,0.0,163.905,-66.0,45831700.0
710,0.0,163.905,-97.0,44685900.0
711,0.0,163.905,-67.0,45833700.0
712,0.0,163.905,-83.0,45831700.0
713,0.0,163.905,-67.0,44685900.0
714,0.0,163.905,-71.0,45833700.0
715,0.0,163.905,-96.0,44685900.0
716,0.0,163.905,-110.0,45831700.0
717,0.0,163.905,-94.0,45833700.0
718,0.0,163.905,-95.0,45831700.0
719,0.0,163.905,-86.0,44874000.0
720,0.0,163.905,-76.0,44874000.0
721,0.0,163.905,-94.0,45645500.0
722,0.0,163.905,-106.0,45831700.0
723,0.0,163.905,-108.0,45831700.0
724,0.0,163.905,-66.0,45833700.0
725,0.0,163.905,-73.0,44972800.0
726,0.0,163.905,-82.0,45544700.0
727,0.0,163.905,-83.0,45833700.0
728,0.0,163.905,-89.0,45831700.0
729,0.0,163.905,-71.0,45831700.0
730,0.0,163.905,-82.0,45071600.0
731,0.0,163.905,-101.0,45447900.0
732,0.0,163.905,-90.0,45831700.0
733,0.0,163.905,-92.0,45833700.0
734,0.0,163.905,-76.0,45831700.0
735,0.0,163.905,-72.0,45071600.0
736,0.0,163.905,-67.0,45447900.0
737,0.0,163.905,-94.0,45831700.0
738,0.0,163.905,-74.0,44685900.0
739,0.0,163.905,-102.0,45831700.0
740,0.0,163.905,-98.0,45833700.0
741,0.0,125.399,-110.0,28432.0
742,0.0,125.399,-107.0,2445820.0
743,0.0,125.399,-94.0,8067630.0
744,0.0,125.399,-94.0,9409370.0
745,0.0,125.399,-89.0,13617300.0
746,0.0,125.399,-86.0,5104780.0
747,0.0,125.399,-98.0,9456710.0
748,0.0,125.399,-106.0,22442000.0
749,0.0,125.399,-84.0,12125100.0
750,0.0,125.399,-69.0,12212300.0
751,0.0,125.399,-78.0,16012800.0
752,0.0,125.399,-105.0,1314040.0
753,0.0,125.399,-71.0,8430790.0
754,0.0,125.399,-95.0,1314040.0
755,0.0,125.399,-74.0,8619540.0
756,0.0,125.399,-80.0,1314040.0
757,0.0,125.399,-83.0,11079900.0
758,0.0,125.399,-100.0,1314040.0
759,0.0,125.399,-79.0,19250900.0
760,0.0,125.399,-85.0,1314040.0
761,0.0,125.399,-79.0,14919000.0
762,0.0,125.399,-108.0,1314030.0
763,0.0,125.399,-68.0,4170360.0
764,0.0,125.399,-107.0,1314030.0
765,0.0,125.399,-68.0,6321070.0
766,0.0,125.399,-81.0,1314040.0
767,0.0,125.399,-102.0,16170700.0
768,0.0,125.399,-67.0,1314040.0
769,0.0,125.399,-106.0,12116900.0
770,0.0,125.399,-67.0,1314040.0
771,0.0,125.399,-73.0,17087200.0
772,0.0,125.399,-73.0,1314040.0
773,0.0,125.399,-95.0,36484300.0
774,0.0,125.399,-104.0,1314040.0
775,0.0,125.399,-96.0,15758100.0
776,0.0,125.399,-108.0,1314030.0
777,0.0,125.399,-66.0,3713040.0
778,0.0,125.399,-81.0,1314040.0
779,0.0,125.399,-101.0,11675300.0
780,0.0,125.399,-98.0,1314030.0
781,0.0,125.399,-110.0,4006540.0
782,0.0,121.153,-87.0,28432.0
783,0.0,121.153,-99.0,2445820.0
784,0.0,121.153,-96.0,4388060.0
785,0.0,121.153,-87.0,1946070.0
786,0.0,121.153,-103.0,1995100.0
787,0.0,121.153,-102.0,1866850.0
788,0.0,121.153,-96.0,2710050.0
789,0.0,121.153,-83.0,2072940.0
790,0.0,121.153,-108.0,1830740.0
791,0.0,121.153,-97.0,1314030.0
792,0.0,121.153,-78.0,246568.0
793,0.0,121.153,-78.0,1314030.0
794,0.0,121.153,-73.0,50768.0
795,0.0,121.153,-93.0,1314030.0
796,0.0,121.153,-79.0,78296.0
797,0.0,121.153,-91.0,1314030.0
798,0.0,121.153,-73.0,939256.0
799,0.0,121.153,-71.0,1314030.0
800,0.0,121.153,-76.0,13928.0
801,0.0,121.153,-101.0,691368.0
802,0.0,121.153,-87.0,865352.0
803,0.0,121.153,-105.0,1314030.0
804,0.0,121.153,-109.0,570088.0
805,0.0,121.153,-97.0,1314030.0
806,0.0,121.153,-86.0,151320.0
807,0.0,121.153,-101.0,1314030.0
808,0.0,121.153,-67.0,692936.0
809,0.0,121.153,-94.0,1314030.0
810,0.0,121.153,-105.0,2355660.0
811,0.0,121.153,-80.0,1314030.0
812,0.0,121.153,-107.0,468768.0
813,0.0,121.153,-94.0,575976.0
814,0.0,121.153,-110.0,988872.0
815,0.0,121.153,-99.0,645640.0
816,0.0,48.0104,-70.0,28432.0
817,0.0,48.0104,-106.0,2445820.0
818,0.0,48.0104,-73.0,4388060.0
819,0.0,48.0104,-92.0,1946070.0
820,0.0,48.0104,-87.0,1995100.0
821,0.0,48.0104,-83.0,1866850.0
822,0.0,48.0104,-104.0,2710050.0
823,0.0,48.0104,-108.0,2072940.0
824,0.0,48.0104,-104.0,1830740.0
825,0.0,48.0104,-107.0,1314030.0
826,0.0,48.0104,-69.0,246568.0
827,0.0,48.0104,-104.0,1314030.0
828,0.0,48.0104,-108.0,50768.0
829,0.0,48.0104,-100.0,1314030.0
830,0.0,48.0104,-89.0,78296.0
831,0.0,48.0104,-79.0,1314030.0
832,0.0,48.0104,-66.0,939256.0
833,0.0,48.0104,-71.0,1314030.0
834,0.0,48.0104,-78.0,13928.0
835,0.0,48.0104,-103.0,691368.0
836,0.0,48.0104,-73.0,865352.0
837,0.0,48.0104,-104.0,1314030.0
838,0.0,48.0104,-107.0,570088.0
839,0.0,48.0104,-77.0,1314030.0
840,0.0,48.0104,-83.0,151320.0
841,0.0,48.0104,-103.0,1314030.0
842,0.0,48.0104,-105.0,692936.0
843,0.0,48.0104,-85.0,1314030.0
844,0.0,48.0104,-99.0,2355660.0
845,0.0,48.0104,-75.0,1314030.0
846,0.0,48.0104,-93.0,468768.0
847,0.0,48.0104,-70.0,575976.0
848,0.0,48.0104,-89.0,988872.0
849,0.0,48.0104,-90.0,645640.0
850,0.0,93.4933,-71.0,28432.0
851,0.0,93.4933,-93.0,2445820.0
852,0.0,93.4933,-92.0,4388060.0
853,0.0,93.4933,-98.0,1946070.0
854,0.0,93.4933,-67.0,1995100.0
855,0.0,93.4933,-102.0,1866850.0
856,0.0,93.4933,-83.0,2710050.0
857,0.0,93.4933,-92.0,2072940.0
858,0.0,93.4933,-75.0,1830740.0
859,0.0,93.4933,-106.0,1314030.0
860,0.0,93.4933,-110.0,246568.0
861,0.0,93.4933,-83.0,1314030.0
862,0.0,93.4933,-109.0,50768.0
863,0.0,93.4933,-107.0,1314030.0
864,0.0,93.4933,-82.0,78296.0
865,0.0,93.4933,-108.0,1314030.0
866,0.0,93.4933,-73.0,939256.0
867,0.0,93.4933,-95.0,1314030.0
868,0.0,93.4933,-69.0,13928.0
869,0.0,93.4933,-95.0,691368.0
870,0.0,93.4933,-98.0,865352.0
871,0.0,93.4933,-79.0,1314030.0
872,0.0,93.4933,-96.0,570088.0
873,0.0,93.4933,-82.0,1314030.0
874,0.0,93.4933,-94.0,151320.0
875,0.0,93.4933,-103.0,1314030.0
876,0.0,93.4933,-97.0,692936.0
877,0.0,93.4933,-69.0,1314030.0
878,0.0,93.4933,-93.0,2355660.0
879,0.0,93.4933,-108.0,1314030.0
880,0.0,93.4933,-89.0,468768.0
881,0.0,93.4933,-90.0,575976.0
882,0.0,93.4933,-101.0,988872.0
883,0.0,93.4933,-107.0,645640.0
884,0.0,124.932,-76.0,28432.0
885,0.0,124.932,-95.0,2445830.0
886,0.0,124.932,-79.0,44045400.0
887,0.0,124.932,-76.0,13743200.0
888,0.0,124.932,-71.0,27620200.0
889,0.0,124.932,-100.0,14389900.0
890,0.0,124.932,-105.0,13613800.0
891,0.0,124.932,-72.0,5108310.0
892,0.0,124.932,-83.0,9456710.0
893,0.0,124.932,-80.0,25869900.0
894,0.0,124.932,-66.0,16713000.0
895,0.0,124.932,-107.0,11571800.0
896,0.0,124.932,-84.0,11597900.0
897,0.0,124.932,-109.0,6779690.0
898,0.0,124.932,-106.0,1314040.0
899,0.0,124.932,-69.0,8619540.0
900,0.0,124.932,-109.0,1314040.0
901,0.0,124.932,-88.0,11079900.0
902,0.0,124.932,-71.0,1314040.0
903,0.0,124.932,-80.0,19250900.0
904,0.0,124.932,-107.0,1314040.0
905,0.0,124.932,-82.0,14919000.0
906,0.0,124.932,-100.0,1314030.0
907,0.0,124.932,-67.0,4170360.0
908,0.0,124.932,-100.0,1314030.0
909,0.0,124.932,-92.0,6321070.0
910,0.0,124.932,-80.0,1314040.0
911,0.0,124.932,-75.0,16170700.0
912,0.0,124.932,-89.0,1314040.0
913,0.0,124.932,-75.0,12116900.0
914,0.0,124.932,-105.0,1314040.0
915,0.0,124.932,-104.0,17087200.0
916,0.0,124.932,-85.0,1314040.0
917,0.0,124.932,-106.0,36484300.0
918,0.0,124.932,-89.0,1314040.0
919,0.0,124.932,-103.0,15758100.0
920,0.0,124.932,-95.0,1314030.0
921,0.0,124.932,-97.0,3713040.0
922,0.0,124.932,-86.0,1314040.0
923,0.0,124.932,-106.0,11675300.0
924,0.0,124.932,-72.0,1314030.0
925,0.0,124.932,-104.0,4006540.0
926,0.0,70.2851,-94.0,28432.0
927,0.0,70.2851,-79.0,2445830.0
928,0.0,70.2851,-98.0,44045400.0
929,0.0,70.2851,-89.0,13743200.0
930,0.0,70.2851,-89.0,27620200.0
931,0.0,70.2851,-80.0,14389900.0
932,0.0,70.2851,-92.0,13613800.0
933,0.0,70.2851,-88.0,5108310.0
934,0.0,70.2851,-67.0,9456710.0
935,0.0,70.2851,-74.0,25869900.0
936,0.0,70.2851,-101.0,16713000.0
937,0.0,70.2851,-91.0,11571800.0
938,0.0,70.2851,-94.0,11597900.0
939,0.0,70.2851,-107.0,6779690.0
940,0.0,70.2851,-97.0,1314040.0
941,0.0,70.2851,-86.0,8619540.0
942,0.0,70.2851,-91.0,1314040.0
943,0.0,70.2851,-71.0,11079900.0
944,0.0,70.2851,-98.0,1314040.0
945,0.0,70.2851,-66.0,19250900.0
946,0.0,70.2851,-95.0,1314040.0
947,0.0,70.2851,-83.0,14919000.0
948,0.0,70.2851,-99.0,1314030.0
949,0.0,70.2851,-70.0,4170360.0
950,0.0,70.2851,-78.0,1314030.0
951,0.0,70.2851,-109.0,6321070.0
952,0.0,70.2851,-91.0,1314040.0
953,0.0,70.2851,-75.0,16170700.0
954,0.0,70.2851,-87.0,1314040.0
955,0.0,70.2851,-94.0,12116900.0
956,0.0,70.2851,-102.0,1314040.0
957,0.0,70.2851,-89.0,17087200.0
958,0.0,70.2851,-81.0,1314040.0
959,0.0,70.2851,-94.0,36484300.0
960,0.0,70.2851,-99.0,1314040.0
961,0.0,70.2851,-66.0,15758100.0
962,0.0,70.2851,-66.0,1314030.0
963,0.0,70.2851,-92.0,3713040.0
964,0.0,70.2851,-88.0,1314040.0
965,0.0,70.2851,-85.0,11675300.0
966,0.0,70.2851,-79.0,1314030.0
967,0.0,70.2851,-97.0,4006540.0
968,0.0,109.458,-96.0,28432.0
969,0.0,109.458,-89.0,2445820.0
970,0.0,109.458,-89.0,4388060.0
971,0.0,109.458,-97.0,1946070.0
972,0.0,109.458,-110.0,1995100.0
973,0.0,109.458,-86.0,1866850.0
974,0.0,109.458,-85.0,2710050.0
975,0.0,109.458,-91.0,2072940.0
976,0.0,109.458,-100.0,1830740.0
977,0.0,109.458,-71.0,1314030.0
978,0.0,109.458,-103.0,246568.0
979,0.0,109.458,-96.0,1314030.0
980,0.0,109.458,-97.0,50768.0
981,0.0,109.458,-99.0,1314030.0
982,0.0,109.458,-77.0,78296.0
983,0.0,109.458,-85.0,1314030.0
984,0.0,109.458,-73.0,939256.0
985,0.0,109.458,-80.0,1314030.0
986,0.0,109.458,-69.0,13928.0
987,0.0,109.458,-73.0,691368.0
988,0.0,109.458,-95.0,865352.0
989,0.0,109.458,-96.0,1314030.0
990,0.0,109.458,-80.0,570088.0
991,0.0,109.458,-83.0,1314030.0
992,0.0,109.458,-70.0,151320.0
993,0.0,109.458,-99.0,1314030.0
994,0.0,109.458,-105.0,692936.0
995,0.0,109.458,-77.0,1314030.0
996,0.0,109.458,-70.0,2355660.0
997,0.0,109.458,-80.0,1314030.0
998,0.0,109.458,-79.0,468768.0
999,0.0,109.458,-76.0,575976.0
1000,0.0,109.458,-109.0,988872.0
1001,0.0,109.458,-93.0,645640.0
1002,0.0,150.386,-86.0,19024.0
1003,0.0,150.386,-94.0,2017760.0
1004,0.0,150.386,-70.0,6922730.0
1005,0.0,150.386,-110.0,7719850.0
1006,0.0,150.386,-78.0,7719900.0
1007,0.0,150.386,-76.0,9551540.0
1008,0.0,150.386,-107.0,6035000.0
1009,0.0,150.386,-93.0,8722890.0
1010,0.0,150.386,-84.0,25296000.0
1011,0.0,150.386,-87.0,10457200.0
1012,0.0,150.386,-68.0,9516200.0
1013,0.0,150.386,-72.0,16950500.0
1014,0.0,150.386,-73.0,9738500.0
1015,0.0,150.386,-88.0,876568.0
1016,0.0,150.386,-86.0,9057010.0
1017,0.0,150.386,-87.0,876568.0
1018,0.0,150.386,-84.0,11517400.0
1019,0.0,150.386,-94.0,876568.0
1020,0.0,150.386,-85.0,19688400.0
1021,0.0,150.386,-98.0,876568.0
1022,0.0,150.386,-74.0,15356400.0
1023,0.0,150.386,-102.0,876560.0
1024,0.0,150.386,-104.0,4607830.0
1025,0.0,150.386,-69.0,876560.0
1026,0.0,150.386,-84.0,6758540.0
1027,0.0,150.386,-67.0,876568.0
1028,0.0,150.386,-98.0,16608100.0
1029,0.0,150.386,-93.0,876568.0
1030,0.0,150.386,-79.0,12554400.0
1031,0.0,150.386,-84.0,876568.0
1032,0.0,150.386,-104.0,17524700.0
1033,0.0,150.386,-88.0,876568.0
1034,0.0,150.386,-109.0,28375900.0
1035,0.0,150.386,-77.0,8545800.0
1036,0.0,150.386,-84.0,876568.0
1037,0.0,150.386,-75.0,16195600.0
1038,0.0,150.386,-110.0,876560.0
1039,0.0,150.386,-74.0,4150510.0
1040,0.0,150.386,-76.0,876568.0
1041,0.0,150.386,-82.0,12112700.0
1042,0.0,150.386,-94.0,876560.0
1043,0.0,150.386,-81.0,4444020.0
1044,0.0,104.618,-96.0,28432.0
1045,0.0,104.618,-79.0,2445820.0
1046,0.0,104.618,-83.0,4388060.0
1047,0.0,104.618,-91.0,1946070.0
1048,0.0,104.618,-71.0,1995100.0
1049,0.0,104.618,-104.0,1866850.0
1050,0.0,104.618,-82.0,2710050.0
1051,0.0,104.618,-85.0,2072940.0
1052,0.0,104.618,-98.0,1830740.0
1053,0.0,104.618,-102.0,1314030.0
1054,0.0,104.618,-82.0,246568.0
1055,0.0,104.618,-67.0,1314030.0
1056,0.0,104.618,-68.0,50768.0
1057,0.0,104.618,-67.0,1314030.0
1058,0.0,104.618,-104.0,78296.0
1059,0.0,104.618,-84.0,1314030.0
1060,0.0,104.618,-95.0,939256.0
1061,0.0,104.618,-94.0,1314030.0
1062,0.0,104.618,-71.0,13928.0
1063,0.0,104.618,-104.0,691368.0
1064,0.0,104.618,-103.0,865352.0
1065,0.0,104.618,-108.0,1314030.0
1066,0.0,104.618,-81.0,570088.0
1067,0.0,104.618,-96.0,1314030.0
1068,0.0,104.618,-87.0,151320.0
1069,0.0,104.618,-86.0,1314030.0
1070,0.0,104.618,-87.0,692936.0
1071,0.0,104.618,-96.0,1314030.0
1072,0.0,104.618,-75.0,2355660.0
1073,0.0,104.618,-89.0,1314030.0
1074,0.0,104.618,-105.0,468768.0
1075,0.0,104.618,-97.0,575976.0
1076,0.0,104.618,-76.0,988872.0
1077,0.0,104.618,-78.0,645640.0
1078,0.0,90.7634,-110.0,28432.0
1079,0.0,90.7634,-92.0,2445830.0
1080,0.0,90.7634,-91.0,44045400.0
1081,0.0,90.7634,-102.0,13743200.0
1082,0.0,90.7634,-70.0,27620200.0
1083,0.0,90.7634,-75.0,14389900.0
1084,0.0,90.7634,-101.0,13613800.0
1085,0.0,90.7634,-107.0,5108310.0
1086,0.0,90.7634,-107.0,9456710.0
1087,0.0,90.7634,-108.0,25869900.0
1088,0.0,90.7634,-87.0,16713000.0
1089,0.0,90.7634,-102.0,11571800.0
1090,0.0,90.7634,-92.0,11597900.0
1091,0.0,90.7634,-96.0,6779690.0
1092,0.0,90.7634,-68.0,1314040.0
1093,0.0,90.7634,-95.0,8619540.0
1094,0.0,90.7634,-88.0,1314040.0
1095,0.0,90.7634,-99.0,11079900.0
1096,0.0,90.7634,-68.0,1314040.0
1097,0.0,90.7634,-84.0,19250900.0
1098,0.0,90.7634,-107.0,1314040.0
1099,0.0,90.7634,-72.0,14919000.0
1100,0.0,90.7634,-82.0,1314030.0
1101,0.0,90.7634,-106.0,4170360.0
1102,0.0,90.7634,-75.0,1314030.0
1103,0.0,90.7634,-101.0,6321070.0
1104,0.0,90.7634,-72.0,1314040.0
1105,0.0,90.7634,-108.0,16170700.0
1106,0.0,90.7634,-69.0,1314040.0
1107,0.0,90.7634,-107.0,12116900.0
1108,0.0,90.7634,-103.0,1314040.0
1109,0.0,90.7634,-92.0,17087200.0
1110,0.0,90.7634,-98.0,1314040.0
1111,0.0,90.7634,-69.0,36484300.0
1112,0.0,90.7634,-82.0,1314040.0
1113,0.0,90.7634,-110.0,15758100.0
1114,0.0,90.7634,-95.0,1314030.0
1115,0.0,90.7634,-102.0,3713040.0
1116,0.0,90.7634,-75.0,1314040.0
1117,0.0,90.7634,-68.0,11675300.0
1118,0.0,90.7634,-76.0,1314030.0
1119,0.0,90.7634,-87.0,4006540.0
1120,0.0,68.3374,-98.0,28432.0
1121,0.0,68.3374,-101.0,2445820.0
1122,0.0,68.3374,-77.0,8067630.0
1123,0.0,68.3374,-73.0,9409370.0
1124,0.0,68.3374,-79.0,13617300.0
1125,0.0,68.3374,-76.0,5104780.0
1126,0.0,68.3374,-99.0,9456710.0
1127,0.0,68.3374,-93.0,22442000.0
1128,0.0,68.3374,-76.0,12125100.0
1129,0.0,68.3374,-74.0,12212300.0
1130,0.0,68.3374,-87.0,16012800.0
1131,0.0,68.3374,-69.0,1314040.0
1132,0.0,68.3374,-96.0,8430790.0
1133,0.0,68.3374,-107.0,1314040.0
1134,0.0,68.3374,-72.0,8619540.0
1135,0.0,68.3374,-109.0,1314040.0
1136,0.0,68.3374,-108.0,11079900.0
1137,0.0,68.3374,-89.0,1314040.0
1138,0.0,68.3374,-91.0,19250900.0
1139,0.0,68.3374,-79.0,1314040.0
1140,0.0,68.3374,-88.0,14919000.0
1141,0.0,68.3374,-98.0,1314030.0
1142,0.0,68.3374,-72.0,4170360.0
1143,0.0,68.3374,-93.0,1314030.0
1144,0.0,68.3374,-88.0,6321070.0
1145,0.0,68.3374,-109.0,1314040.0
1146,0.0,68.3374,-72.0,16170700.0
1147,0.0,68.3374,-102.0,1314040.0
1148,0.0,68.3374,-105.0,12116900.0
1149,0.0,68.3374,-67.0,1314040.0
1150,0.0,68.3374,-99.0,17087200.0
1151,0.0,68.3374,-85.0,1314040.0
1152,0.0,68.3374,-88.0,36484300.0
1153,0.0,68.3374,-100.0,1314040.0
1154,0.0,68.3374,-92.0,15758100.0
1155,0.0,68.3374,-66.0,1314030.0
1156,0.0,68.3374,-95.0,3713040.0
1157,0.0,68.3374,-103.0,1314040.0
1158,0.0,68.3374,-77.0,11675300.0
1159,0.0,68.3374,-75.0,1314030.0
1160,0.0,68.3374,-85.0,4006540.0
1161,0.0,143.937,-81.0,19024.0
1162,0.0,143.937,-90.0,2017760.0
1163,0.0,143.937,-100.0,8503480.0
1164,0.0,143.937,-101.0,9409820.0
1165,0.0,143.937,-93.0,13131000.0
1166,0.0,143.937,-68.0,5592300.0
1167,0.0,143.937,-94.0,9456710.0
1168,0.0,143.937,-96.0,17614200.0
1169,0.0,143.937,-107.0,11078100.0
1170,0.0,143.937,-76.0,16929900.0
1171,0.0,143.937,-97.0,17170000.0
1172,0.0,143.937,-98.0,876568.0
1173,0.0,143.937,-105.0,8868260.0
1174,0.0,143.937,-87.0,876568.0
1175,0.0,143.937,-88.0,9057010.0
1176,0.0,143.937,-105.0,876568.0
1177,0.0,143.937,-75.0,11517400.0
1178,0.0,143.937,-66.0,876568.0
1179,0.0,143.937,-83.0,19688400.0
1180,0.0,143.937,-86.0,876568.0
1181,0.0,143.937,-88.0,15356400.0
1182,0.0,143.937,-92.0,876560.0
1183,0.0,143.937,-107.0,4607830.0
1184,0.0,143.937,-71.0,876560.0
1185,0.0,143.937,-95.0,6758540.0
1186,0.0,143.937,-76.0,876568.0
1187,0.0,143.937,-89.0,16608100.0
1188,0.0,143.937,-73.0,876568.0
1189,0.0,143.937,-82.0,12554400.0
1190,0.0,143.937,-85.0,876568.0
1191,0.0,143.937,-67.0,17524700.0
1192,0.0,143.937,-76.0,876568.0
1193,0.0,143.937,-83.0,36921700.0
1194,0.0,143.937,-78.0,876568.0
1195,0.0,143.937,-68.0,16195600.0
1196,0.0,143.937,-99.0,876560.0
1197,0.0,143.937,-83.0,4150510.0
1198,0.0,143.937,-107.0,876568.0
1199,0.0,143.937,-78.0,12112700.0
1200,0.0,143.937,-85.0,876560.0
1201,0.0,143.937,-110.0,4444020.0
1202,0.0,146.636,-91.0,19024.0
1203,0.0,146.636,-89.0,2017760.0
1204,0.0,146.636,-101.0,4825540.0
1205,0.0,146.636,-78.0,1946070.0
1206,0.0,146.636,-110.0,1966870.0
1207,0.0,146.636,-79.0,1895070.0
1208,0.0,146.636,-98.0,2705340.0
1209,0.0,146.636,-75.0,2068240.0
1210,0.0,146.636,-83.0,1840140.0
1211,0.0,146.636,-107.0,876560.0
1212,0.0,146.636,-83.0,684040.0
1213,0.0,146.636,-79.0,876560.0
1214,0.0,146.636,-109.0,488240.0
1215,0.0,146.636,-108.0,876560.0
1216,0.0,146.636,-109.0,515768.0
1217,0.0,146.636,-71.0,876560.0
1218,0.0,146.636,-87.0,1376730.0
1219,0.0,146.636,-102.0,876560.0
1220,0.0,146.636,-86.0,451400.0
1221,0.0,146.636,-71.0,691368.0
1222,0.0,146.636,-104.0,865352.0
1223,0.0,146.636,-107.0,876560.0
1224,0.0,146.636,-81.0,1007560.0
1225,0.0,146.636,-109.0,876560.0
1226,0.0,146.636,-94.0,588792.0
1227,0.0,146.636,-72.0,876560.0
1228,0.0,146.636,-72.0,1130410.0
1229,0.0,146.636,-76.0,876560.0
1230,0.0,146.636,-93.0,2793130.0
1231,0.0,146.636,-66.0,876560.0
1232,0.0,146.636,-108.0,906240.0
1233,0.0,146.636,-81.0,575976.0
1234,0.0,146.636,-81.0,876560.0
1235,0.0,146.636,-88.0,112312.0
1236,0.0,146.636,-106.0,645640.0
1237,0.0,181.521,-110.0,19024.0
1238,0.0,181.521,-73.0,2017770.0
1239,0.0,181.521,-108.0,44482900.0
1240,0.0,181.521,-76.0,13743200.0
1241,0.0,181.521,-87.0,27620200.0
1242,0.0,181.521,-68.0,14385200.0
1243,0.0,181.521,-88.0,13618500.0
1244,0.0,181.521,-97.0,5108310.0
1245,0.0,181.521,-76.0,9456710.0
1246,0.0,181.521,-104.0,25869900.0
1247,0.0,181.521,-69.0,14421400.0
1248,0.0,181.521,-108.0,11571800.0
1249,0.0,181.521,-82.0,12238300.0
1250,0.0,181.521,-97.0,8430790.0
1251,0.0,181.521,-106.0,876568.0
1252,0.0,181.521,-76.0,9057010.0
1253,0.0,181.521,-106.0,876568.0
1254,0.0,181.521,-66.0,11517400.0
1255,0.0,181.521,-97.0,876568.0
1256,0.0,181.521,-74.0,19688400.0
1257,0.0,181.521,-67.0,876568.0
1258,0.0,181.521,-72.0,15356400.0
1259,0.0,181.521,-106.0,876560.0
1260,0.0,181.521,-84.0,4607830.0
1261,0.0,181.521,-109.0,876560.0
1262,0.0,181.521,-77.0,6758540.0
1263,0.0,181.521,-80.0,876568.0
1264,0.0,181.521,-77.0,16608100.0
1265,0.0,181.521,-80.0,876568.0
1266,0.0,181.521,-80.0,12554400.0
1267,0.0,181.521,-88.0,876568.0
1268,0.0,181.521,-88.0,17524700.0
1269,0.0,181.521,-104.0,876568.0
1270,0.0,181.521,-107.0,36921700.0
1271,0.0,181.521,-69.0,876568.0
1272,0.0,181.521,-99.0,16195600.0
1273,0.0,181.521,-90.0,876560.0
1274,0.0,181.521,-83.0,4150510.0
1275,0.0,181.521,-71.0,876568.0
1276,0.0,181.521,-99.0,12112700.0
1277,0.0,181.521,-90.0,876560.0
1278,0.0,181.521,-73.0,4444020.0
1279,0.0,170.95,-93.0,19024.0
1280,0.0,170.95,-107.0,2017760.0
1281,0.0,170.95,-96.0,4825540.0
1282,0.0,170.95,-79.0,1941370.0
1283,0.0,170.95,-79.0,1933940.0
1284,0.0,170.95,-92.0,1584000.0
1285,0.0,170.95,-105.0,3054050.0
1286,0.0,170.95,-85.0,2068240.0
1287,0.0,170.95,-85.0,1840140.0
1288,0.0,170.95,-108.0,876560.0
1289,0.0,170.95,-71.0,684040.0
1290,0.0,170.95,-100.0,876560.0
1291,0.0,170.95,-83.0,488240.0
1292,0.0,170.95,-108.0,876560.0
1293,0.0,170.95,-85.0,515768.0
1294,0.0,170.95,-77.0,876560.0
1295,0.0,170.95,-92.0,1376730.0
1296,0.0,170.95,-109.0,876560.0
1297,0.0,170.95,-83.0,451400.0
1298,0.0,170.95,-105.0,691368.0
1299,0.0,170.95,-87.0,865352.0
1300,0.0,170.95,-66.0,876560.0
1301,0.0,170.95,-80.0,1007560.0
1302,0.0,170.95,-82.0,876560.0
1303,0.0,170.95,-81.0,588792.0
1304,0.0,170.95,-70.0,876560.0
1305,0.0,170.95,-95.0,1130410.0
1306,0.0,170.95,-96.0,876560.0
1307,0.0,170.95,-81.0,2793130.0
1308,0.0,170.95,-66.0,876560.0
1309,0.0,170.95,-94.0,906240.0
1310,0.0,170.95,-87.0,575976.0
1311,0.0,170.95,-109.0,876560.0
1312,0.0,170.95,-77.0,112312.0
1313,0.0,170.95,-89.0,645640.0
1314,0.0,33.7639,-94.0,10985700.0
1315,0.0,33.7639,-103.0,45831700.0
1316,0.0,33.7639,-88.0,45833700.0
1317,0.0,33.7639,-99.0,44685900.0
1318,0.0,33.7639,-87.0,45831700.0
1319,0.0,33.7639,-95.0,44687900.0
1320,0.0,33.7639,-67.0,45831700.0
1321,0.0,33.7639,-76.0,45831700.0
1322,0.0,33.7639,-103.0,44687900.0
1323,0.0,33.7639,-101.0,45831700.0
1324,0.0,33.7639,-70.0,44685900.0
1325,0.0,33.7639,-110.0,45833700.0
1326,0.0,33.7639,-101.0,45831700.0
1327,0.0,33.7639,-106.0,44685900.0
1328,0.0,33.7639,-87.0,45831700.0
1329,0.0,33.7639,-67.0,45099800.0
1330,0.0,33.7639,-104.0,45419700.0
1331,0.0,33.7639,-80.0,45831700.0
1332,0.0,33.7639,-67.0,44687900.0
1333,0.0,33.7639,-93.0,45831700.0
1334,0.0,33.7639,-70.0,45509100.0
1335,0.0,33.7639,-67.0,45010500.0
1336,0.0,33.7639,-95.0,45831700.0
1337,0.0,33.7639,-82.0,44685900.0
1338,0.0,33.7639,-100.0,45833700.0
1339,0.0,33.7639,-75.0,45831700.0
1340,0.0,33.7639,-104.0,44685900.0
1341,0.0,33.7639,-101.0,45833700.0
1342,0.0,33.7639,-100.0,44685900.0
1343,0.0,33.7639,-95.0,45831700.0
1344,0.0,33.7639,-105.0,45833700.0
1345,0.0,33.7639,-101.0,44685900.0
1346,0.0,33.7639,-88.0,45831700.0
1347,0.0,33.7639,-99.0,44687900.0
1348,0.0,33.7639,-76.0,45831700.0
1349,0.0,33.7639,-83.0,45831700.0
1350,0.0,33.7639,-86.0,44687900.0
1351,0.0,33.7639,-67.0,45831700.0
1352,0.0,33.7639,-109.0,44685900.0
1353,0.0,33.7639,-83.0,45833700.0
1354,0.0,33.7639,-75.0,45831700.0
1355,0.0,33.7639,-68.0,44685900.0
1356,0.0,33.7639,-70.0,45831700.0
1357,0.0,33.7639,-94.0,44687900.0
1358,0.0,33.7639,-93.0,45831700.0
1359,0.0,33.7639,-96.0,45831700.0
1360,0.0,33.7639,-70.0,44687900.0
1361,0.0,33.7639,-89.0,45831700.0
1362,0.0,33.7639,-110.0,44685900.0
1363,0.0,33.7639,-91.0,45833700.0
1364,0.0,33.7639,-108.0,45831700.0
1365,0.0,33.7639,-89.0,44685900.0
1366,0.0,33.7639,-105.0,45833700.0
1367,0.0,33.7639,-82.0,44685900.0
1368,0.0,33.7639,-92.0,45831700.0
1369,0.0,33.7639,-74.0,45833700.0
1370,0.0,33.7639,-94.0,44685900.0
1371,0.0,33.7639,-110.0,45831700.0
1372,0.0,33.7639,-79.0,44687900.0
1373,0.0,33.7639,-93.0,45831700.0
1374,0.0,33.7639,-78.0,45831700.0
1375,0.0,33.7639,-68.0,44687900.0
1376,0.0,33.7639,-66.0,45831700.0
1377,0.0,33.7639,-74.0,44888200.0
1378,0.0,33.7639,-96.0,45631400.0
1379,0.0,33.7639,-105.0,45831700.0
1380,0.0,33.7639,-71.0,44685900.0
1381,0.0,33.7639,-106.0,45833700.0
1382,0.0,33.7639,-81.0,45304800.0
1383,0.0,33.7639,-68.0,45212700.0
1384,0.0,33.7639,-91.0,45833700.0
1385,0.0,33.7639,-78.0,44685900.0
1386,0.0,33.7639,-85.0,45831700.0
1387,0.0,33.7639,-87.0,45716100.0
1388,0.0,33.7639,-99.0,44803500.0
1389,0.0,33.7639,-106.0,45831700.0
1390,0.0,33.7639,-75.0,44685900.0
1391,0.0,33.7639,-107.0,45833700.0
1392,0.0,79.8749,-69.0,10985700.0
1393,0.0,79.8749,-106.0,45831700.0
1394,0.0,79.8749,-82.0,45833700.0
1395,0.0,79.8749,-93.0,44685900.0
1396,0.0,79.8749,-89.0,45831700.0
1397,0.0,79.8749,-82.0,44687900.0
1398,0.0,79.8749,-103.0,45831700.0
1399,0.0,79.8749,-104.0,45831700.0
1400,0.0,79.8749,-71.0,44687900.0
1401,0.0,79.8749,-82.0,45831700.0
1402,0.0,79.8749,-69.0,44685900.0
1403,0.0,79.8749,-90.0,45833700.0
1404,0.0,79.8749,-80.0,45831700.0
1405,0.0,79.8749,-97.0,44685900.0
1406,0.0,79.8749,-84.0,45831700.0
1407,0.0,79.8749,-105.0,45099800.0
1408,0.0,79.8749,-99.0,45419700.0
1409,0.0,79.8749,-104.0,45831700.0
1410,0.0,79.8749,-82.0,44687900.0
1411,0.0,79.8749,-87.0,45831700.0
1412,0.0,79.8749,-99.0,45509100.0
1413,0.0,79.8749,-81.0,45010500.0
1414,0.0,79.8749,-84.0,45831700.0
1415,0.0,79.8749,-81.0,44685900.0
1416,0.0,79.8749,-76.0,45833700.0
1417,0.0,79.8749,-81.0,45831700.0
1418,0.0,79.8749,-80.0,44685900.0
1419,0.0,79.8749,-74.0,45833700.0
1420,0.0,79.8749,-102.0,44685900.0
1421,0.0,79.8749,-98.0,45831700.0
1422,0.0,79.8749,-90.0,45833700.0
1423,0.0,79.8749,-77.0,44685900.0
1424,0.0,79.8749,-70.0,45831700.0
1425,0.0,79.8749,-77.0,44687900.0
1426,0.0,79.8749,-98.0,45831700.0
1427,0.0,79.8749,-89.0,45831700.0
1428,0.0,79.8749,-76.0,44687900.0
1429,0.0,79.8749,-79.0,45831700.0
1430,0.0,79.8749,-79.0,44685900.0
1431,0.0,79.8749,-96.0,45833700.0
1432,0.0,79.8749,-88.0,45831700.0
1433,0.0,79.8749,-103.0,44685900.0
1434,0.0,79.8749,-75.0,45831700.0
1435,0.0,79.8749,-90.0,44687900.0
1436,0.0,79.8749,-69.0,45831700.0
1437,0.0,79.8749,-69.0,45831700.0
1438,0.0,79.8749,-96.0,44687900.0
1439,0.0,79.8749,-72.0,45831700.0
1440,0.0,79.8749,-76.0,44685900.0
1441,0.0,79.8749,-77.0,45833700.0
1442,0.0,79.8749,-102.0,45831700.0
1443,0.0,79.8749,-87.0,44685900.0
1444,0.0,79.8749,-101.0,45833700.0
1445,0.0,79.8749,-106.0,44685900.0
1446,0.0,79.8749,-68.0,45831700.0
1447,0.0,79.8749,-71.0,45833700.0
1448,0.0,79.8749,-98.0,44685900.0
1449,0.0,79.8749,-88.0,45831700.0
1450,0.0,79.8749,-103.0,44687900.0
1451,0.0,79.8749,-75.0,45831700.0
1452,0.0,79.8749,-110.0,45831700.0
1453,0.0,79.8749,-88.0,44687900.0
1454,0.0,79.8749,-102.0,45831700.0
1455,0.0,79.8749,-87.0,44888200.0
1456,0.0,79.8749,-88.0,45631400.0
1457,0.0,79.8749,-91.0,45831700.0
1458,0.0,79.8749,-95.0,44685900.0
1459,0.0,79.8749,-108.0,45833700.0
1460,0.0,79.8749,-104.0,45304800.0
1461,0.0,79.8749,-92.0,45212700.0
1462,0.0,79.8749,-106.0,45833700.0
1463,0.0,79.8749,-83.0,44685900.0
1464,0.0,79.8749,-87.0,45831700.0
1465,0.0,79.8749,-89.0,45716100.0
1466,0.0,79.8749,-81.0,44803500.0
1467,0.0,79.8749,-96.0,45831700.0
1468,0.0,79.8749,-81.0,44685900.0
1469,0.0,79.8749,-108.0,45833700.0
1470,0.0,89.1796,-87.0,28432.0
1471,0.0,89.1796,-102.0,2445820.0
1472,0.0,89.1796,-74.0,8067630.0
1473,0.0,89.1796,-92.0,9409370.0
1474,0.0,89.1796,-109.0,13617300.0
1475,0.0,89.1796,-101.0,5104780.0
1476,0.0,89.1796,-82.0,9456710.0
1477,0.0,89.1796,-66.0,22442000.0
1478,0.0,89.1796,-110.0,12125100.0
1479,0.0,89.1796,-91.0,12212300.0
1480,0.0,89.1796,-90.0,16012800.0
1481,0.0,89.1796,-83.0,1314040.0
1482,0.0,89.1796,-99.0,8430790.0
1483,0.0,89.1796,-73.0,1314040.0
1484,0.0,89.1796,-87.0,8619540.0
1485,0.0,89.1796,-88.0,1314040.0
1486,0.0,89.1796,-78.0,11079900.0
1487,0.0,89.1796,-104.0,1314040.0
1488,0.0,89.1796,-105.0,19250900.0
1489,0.0,89.1796,-85.0,1314040.0
1490,0.0,89.1796,-83.0,14919000.0
1491,0.0,89.1796,-95.0,1314030.0
1492,0.0,89.1796,-103.0,4170360.0
1493,0.0,89.1796,-67.0,1314030.0
1494,0.0,89.1796,-97.0,6321070.0
1495,0.0,89.1796,-92.0,1314040.0
1496,0.0,89.1796,-109.0,16170700.0
1497,0.0,89.1796,-100.0,1314040.0
1498,0.0,89.1796,-100.0,12116900.0
1499,0.0,89.1796,-87.0,1314040.0
1500,0.0,89.1796,-86.0,17087200.0
1501,0.0,89.1796,-81.0,1314040.0
1502,0.0,89.1796,-72.0,36484300.0
1503,0.0,89.1796,-83.0,1314040.0
1504,0.0,89.1796,-86.0,15758100.0
1505,0.0,89.1796,-70.0,1314030.0
1506,0.0,89.1796,-102.0,3713040.0
1507,0.0,89.1796,-89.0,1314040.0
1508,0.0,89.1796,-103.0,11675300.0
1509,0.0,89.1796,-74.0,1314030.0
1510,0.0,89.1796,-71.0,4006540.0
1511,0.0,161.062,-95.0,10985700.0
1512,0.0,161.062,-107.0,45831700.0
1513,0.0,161.062,-109.0,45833700.0
1514,0.0,161.062,-101.0,45831700.0
1515,0.0,161.062,-87.0,45831700.0
1516,0.0,161.062,-89.0,44687900.0
1517,0.0,161.062,-72.0,45831700.0
1518,0.0,161.062,-72.0,45831700.0
1519,0.0,161.062,-92.0,45833700.0
1520,0.0,161.062,-108.0,45831700.0
1521,0.0,161.062,-72.0,44685900.0
1522,0.0,161.062,-101.0,45833700.0
1523,0.0,161.062,-81.0,45831700.0
1524,0.0,161.062,-93.0,45831700.0
1525,0.0,161.062,-70.0,45833700.0
1526,0.0,161.062,-90.0,44685900.0
1527,0.0,161.062,-90.0,45831700.0
1528,0.0,161.062,-109.0,45831700.0
1529,0.0,161.062,-109.0,45833700.0
1530,0.0,161.062,-89.0,45831700.0
1531,0.0,161.062,-86.0,44685900.0
1532,0.0,161.062,-100.0,45833700.0
1533,0.0,161.062,-107.0,45831700.0
1534,0.0,161.062,-68.0,45831700.0
1535,0.0,161.062,-102.0,45833700.0
1536,0.0,161.062,-84.0,44685900.0
1537,0.0,161.062,-99.0,45831700.0
1538,0.0,161.062,-110.0,45833700.0
1539,0.0,161.062,-86.0,45831700.0
1540,0.0,161.062,-76.0,45831700.0
1541,0.0,161.062,-71.0,44687900.0
1542,0.0,161.062,-109.0,45831700.0
1543,0.0,161.062,-66.0,45831700.0
1544,0.0,161.062,-100.0,45833700.0
1545,0.0,161.062,-104.0,45831700.0
1546,0.0,161.062,-108.0,44685900.0
1547,0.0,161.062,-91.0,45833700.0
1548,0.0,161.062,-67.0,45831700.0
1549,0.0,161.062,-110.0,45831700.0
1550,0.0,161.062,-83.0,45833700.0
1551,0.0,161.062,-109.0,44685900.0
1552,0.0,161.062,-87.0,45831700.0
1553,0.0,161.062,-92.0,45833700.0
1554,0.0,161.062,-88.0,45831700.0
1555,0.0,161.062,-90.0,45831700.0
1556,0.0,161.062,-85.0,44808200.0
1557,0.0,161.062,-67.0,45711400.0
1558,0.0,161.062,-75.0,45831700.0
1559,0.0,161.062,-103.0,45833700.0
1560,0.0,161.062,-108.0,45831700.0
1561,0.0,161.062,-106.0,44784700.0
1562,0.0,161.062,-78.0,45732900.0
1563,0.0,161.062,-71.0,45833700.0
1564,0.0,161.062,-86.0,45831700.0
1565,0.0,161.062,-75.0,45831700.0
1566,0.0,161.062,-98.0,44932500.0
1567,0.0,161.062,-70.0,45587100.0
1568,0.0,161.062,-78.0,45831700.0
1569,0.0,161.062,-108.0,45833700.0
1570,0.0,161.062,-100.0,45831700.0
1571,0.0,161.062,-95.0,44859900.0
1572,0.0,161.062,-71.0,45659600.0
1573,0.0,161.062,-76.0,45831700.0
1574,0.0,161.062,-74.0,45831700.0
1575,0.0,161.062,-97.0,45833700.0
1576,0.0,161.062,-104.0,45001100.0
1577,0.0,161.062,-84.0,45516500.0
1578,0.0,161.062,-84.0,45833700.0
1579,0.0,161.062,-74.0,45831700.0
1580,0.0,161.062,-93.0,45831700.0
1581,0.0,161.062,-79.0,45005800.0
1582,0.0,161.062,-79.0,45513800.0
1583,0.0,161.062,-86.0,45831700.0
1584,0.0,161.062,-73.0,45833700.0
1585,0.0,161.062,-100.0,45831700.0
1586,0.0,161.062,-90.0,45179800.0
1587,0.0,161.062,-69.0,45339700.0
1588,0.0,156.837,-98.0,28432.0
1589,0.0,156.837,-108.0,2445830.0
1590,0.0,156.837,-101.0,44045400.0
1591,0.0,156.837,-87.0,13743200.0
1592,0.0,156.837,-73.0,27620200.0
1593,0.0,156.837,-81.0,14389900.0
1594,0.0,156.837,-71.0,13613800.0
1595,0.0,156.837,-110.0,5108310.0
1596,0.0,156.837,-67.0,9456710.0
1597,0.0,156.837,-109.0,25869900.0
1598,0.0,156.837,-109.0,16713000.0
1599,0.0,156.837,-71.0,11571800.0
1600,0.0,156.837,-92.0,11597900.0
1601,0.0,156.837,-89.0,6779690.0
1602,0.0,156.837,-106.0,1314040.0
1603,0.0,156.837,-72.0,8619540.0
1604,0.0,156.837,-84.0,1314040.0
1605,0.0,156.837,-75.0,11079900.0
1606,0.0,156.837,-90.0,1314040.0
1607,0.0,156.837,-108.0,19250900.0
1608,0.0,156.837,-78.0,1314040.0
1609,0.0,156.837,-74.0,14919000.0
1610,0.0,156.837,-95.0,1314030.0
1611,0.0,156.837,-107.0,4170360.0
1612,0.0,156.837,-77.0,1314030.0
1613,0.0,156.837,-71.0,6321070.0
1614,0.0,156.837,-88.0,1314040.0
1615,0.0,156.837,-77.0,16170700.0
1616,0.0,156.837,-100.0,1314040.0
1617,0.0,156.837,-106.0,12116900.0
1618,0.0,156.837,-86.0,1314040.0
1619,0.0,156.837,-82.0,17087200.0
1620,0.0,156.837,-96.0,1314040.0
1621,0.0,156.837,-96.0,36484300.0
1622,0.0,156.837,-85.0,1314040.0
1623,0.0,156.837,-98.0,15758100.0
1624,0.0,156.837,-92.0,1314030.0
1625,0.0,156.837,-110.0,3713040.0
1626,0.0,156.837,-100.0,1314040.0
1627,0.0,156.837,-66.0,11675300.0
1628,0.0,156.837,-75.0,1314030.0
1629,0.0,156.837,-106.0,4006540.0
1630,0.0,85.3053,-95.0,10985700.0
1631,0.0,85.3053,-101.0,45831700.0
1632,0.0,85.3053,-103.0,45833700.0
1633,0.0,85.3053,-82.0,44685900.0
1634,0.0,85.3053,-69.0,45831700.0
1635,0.0,85.3053,-110.0,44687900.0
1636,0.0,85.3053,-97.0,45831700.0
1637,0.0,85.3053,-108.0,45831700.0
1638,0.0,85.3053,-90.0,44687900.0
1639,0.0,85.3053,-86.0,45831700.0
1640,0.0,85.3053,-92.0,44685900.0
1641,0.0,85.3053,-102.0,45833700.0
1642,0.0,85.3053,-68.0,45831700.0
1643,0.0,85.3053,-67.0,44685900.0
1644,0.0,85.3053,-72.0,45831700.0
1645,0.0,85.3053,-105.0,45066900.0
1646,0.0,85.3053,-76.0,45452600.0
1647,0.0,85.3053,-86.0,45831700.0
1648,0.0,85.3053,-96.0,44687900.0
1649,0.0,85.3053,-104.0,45831700.0
1650,0.0,85.3053,-81.0,45447900.0
1651,0.0,85.3053,-85.0,45071600.0
1652,0.0,85.3053,-89.0,45831700.0
1653,0.0,85.3053,-96.0,44685900.0
1654,0.0,85.3053,-95.0,45833700.0
1655,0.0,85.3053,-90.0,45812900.0
1656,0.0,85.3053,-100.0,44704700.0
1657,0.0,85.3053,-109.0,45833700.0
1658,0.0,85.3053,-95.0,44685900.0
1659,0.0,85.3053,-95.0,45831700.0
1660,0.0,85.3053,-88.0,45833700.0
1661,0.0,85.3053,-70.0,44685900.0
1662,0.0,85.3053,-86.0,45831700.0
1663,0.0,85.3053,-70.0,44687900.0
1664,0.0,85.3053,-101.0,45831700.0
1665,0.0,85.3053,-73.0,45831700.0
1666,0.0,85.3053,-107.0,44687900.0
1667,0.0,85.3053,-81.0,45831700.0
1668,0.0,85.3053,-80.0,44685900.0
1669,0.0,85.3053,-97.0,45833700.0
1670,0.0,85.3053,-110.0,45831700.0
1671,0.0,85.3053,-83.0,44685900.0
1672,0.0,85.3053,-110.0,45831700.0
1673,0.0,85.3053,-89.0,44687900.0
1674,0.0,85.3053,-100.0,45831700.0
1675,0.0,85.3053,-66.0,45831700.0
1676,0.0,85.3053,-66.0,44687900.0
1677,0.0,85.3053,-79.0,45831700.0
1678,0.0,85.3053,-82.0,44685900.0
1679,0.0,85.3053,-109.0,45833700.0
1680,0.0,85.3053,-87.0,45831700.0
1681,0.0,85.3053,-106.0,44685900.0
1682,0.0,85.3053,-99.0,45833700.0
1683,0.0,85.3053,-90.0,44685900.0
1684,0.0,85.3053,-92.0,45831700.0
1685,0.0,85.3053,-78.0,45833700.0
1686,0.0,85.3053,-85.0,44685900.0
1687,0.0,85.3053,-70.0,45831700.0
1688,0.0,85.3053,-71.0,44687900.0
1689,0.0,85.3053,-87.0,45831700.0
1690,0.0,85.3053,-97.0,45831700.0
1691,0.0,85.3053,-106.0,44687900.0
1692,0.0,85.3053,-83.0,45831700.0
1693,0.0,85.3053,-68.0,44874000.0
1694,0.0,85.3053,-96.0,45645500.0
1695,0.0,85.3053,-83.0,45831700.0
1696,0.0,85.3053,-84.0,44685900.0
1697,0.0,85.3053,-83.0,45833700.0
1698,0.0,85.3053,-74.0,45257800.0
1699,0.0,85.3053,-68.0,45259800.0
1700,0.0,85.3053,-99.0,45833700.0
1701,0.0,85.3053,-83.0,44685900.0
1702,0.0,85.3053,-83.0,45831700.0
1703,0.0,85.3053,-86.0,45636100.0
1704,0.0,85.3053,-99.0,44883500.0
1705,0.0,85.3053,-107.0,45831700.0
1706,0.0,85.3053,-108.0,44685900.0
1707,0.0,85.3053,-67.0,45833700.0
1708,0.0,44.5533,-106.0,28432.0
1709,0.0,44.5533,-69.0,2445820.0
1710,0.0,44.5533,-97.0,8067630.0
1711,0.0,44.5533,-75.0,9409370.0
1712,0.0,44.5533,-71.0,13617300.0
1713,0.0,44.5533,-73.0,5104780.0
1714,0.0,44.5533,-95.0,9456710.0
1715,0.0,44.5533,-101.0,22442000.0
1716,0.0,44.5533,-92.0,12125100.0
1717,0.0,44.5533,-85.0,12212300.0
1718,0.0,44.5533,-105.0,16012800.0
1719,0.0,44.5533,-87.0,1314040.0
1720,0.0,44.5533,-94.0,8430790.0
1721,0.0,44.5533,-96.0,1314040.0
1722,0.0,44.5533,-74.0,8619540.0
1723,0.0,44.5533,-81.0,1314040.0
1724,0.0,44.5533,-97.0,11079900.0
1725,0.0,44.5533,-83.0,1314040.0
1726,0.0,44.5533,-100.0,19250900.0
1727,0.0,44.5533,-110.0,1314040.0
1728,0.0,44.5533,-96.0,14919000.0
1729,0.0,44.5533,-98.0,1314030.0
1730,0.0,44.5533,-69.0,4170360.0
1731,0.0,44.5533,-96.0,1314030.0
1732,0.0,44.5533,-106.0,6321070.0
1733,0.0,44.5533,-95.0,1314040.0
1734,0.0,44.5533,-93.0,16170700.0
1735,0.0,44.5533,-89.0,1314040.0
1736,0.0,44.5533,-88.0,12116900.0
1737,0.0,44.5533,-106.0,1314040.0
1738,0.0,44.5533,-92.0,17087200.0
1739,0.0,44.5533,-75.0,1314040.0
1740,0.0,44.5533,-96.0,36484300.0
1741,0.0,44.5533,-74.0,1314040.0
1742,0.0,44.5533,-86.0,15758100.0
1743,0.0,44.5533,-100.0,1314030.0
1744,0.0,44.5533,-79.0,3713040.0
1745,0.0,44.5533,-99.0,1314040.0
1746,0.0,44.5533,-92.0,11675300.0
1747,0.0,44.5533,-70.0,1314030.0
1748,0.0,44.5533,-106.0,4006540.0
1749,0.0,148.634,-100.0,28432.0
1750,0.0,148.634,-66.0,2445820.0
1751,0.0,148.634,-84.0,4388060.0
1752,0.0,148.634,-68.0,1946070.0
1753,0.0,148.634,-99.0,1995100.0
1754,0.0,148.634,-88.0,1866850.0
1755,0.0,148.634,-80.0,2710050.0
1756,0.0,148.634,-107.0,2072940.0
1757,0.0,148.634,-109.0,1830740.0
1758,0.0,148.634,-81.0,1314030.0
1759,0.0,148.634,-68.0,246568.0
1760,0.0,148.634,-100.0,1314030.0
1761,0.0,148.634,-84.0,50768.0
1762,0.0,148.634,-95.0,1314030.0
1763,0.0,148.634,-70.0,78296.0
1764,0.0,148.634,-102.0,1314030.0
1765,0.0,148.634,-68.0,939256.0
1766,0.0,148.634,-102.0,1314030.0
1767,0.0,148.634,-71.0,13928.0
1768,0.0,148.634,-70.0,691368.0
1769,0.0,148.634,-106.0,865352.0
1770,0.0,148.634,-96.0,1314030.0
1771,0.0,148.634,-107.0,570088.0
1772,0.0,148.634,-86.0,1314030.0
1773,0.0,148.634,-79.0,151320.0
1774,0.0,148.634,-95.0,1314030.0
1775,0.0,148.634,-98.0,692936.0
1776,0.0,148.634,-107.0,1314030.0
1777,0.0,148.634,-96.0,2355660.0
1778,0.0,148.634,-94.0,1314030.0
1779,0.0,148.634,-92.0,468768.0
1780,0.0,148.634,-75.0,575976.0
1781,0.0,148.634,-75.0,988872.0
1782,0.0,148.634,-83.0,645640.0
1783,0.0,27.9285,-89.0,28432.0
1784,0.0,27.9285,-71.0,2445830.0
1785,0.0,27.9285,-82.0,44045400.0
1786,0.0,27.9285,-83.0,13743200.0
1787,0.0,27.9285,-90.0,27620200.0
1788,0.0,27.9285,-68.0,14389900.0
1789,0.0,27.9285,-72.0,13613800.0
1790,0.0,27.9285,-70.0,5108310.0
1791,0.0,27.9285,-100.0,9456710.0
1792,0.0,27.9285,-99.0,25869900.0
1793,0.0,27.9285,-106.0,16713000.0
1794,0.0,27.9285,-85.0,11571800.0
1795,0.0,27.9285,-93.0,11597900.0
1796,0.0,27.9285,-97.0,6779690.0
1797,0.0,27.9285,-72.0,1314040.0
1798,0.0,27.9285,-84.0,8619540.0
1799,0.0,27.9285,-103.0,1314040.0
1800,0.0,27.9285,-110.0,11079900.0
1801,0.0,27.9285,-100.0,1314040.0
1802,0.0,27.9285,-85.0,19250900.0
1803,0.0,27.9285,-78.0,1314040.0
1804,0.0,27.9285,-81.0,14919000.0
1805,0.0,27.9285,-66.0,1314030.0
1806,0.0,27.9285,-87.0,4170360.0
1807,0.0,27.9285,-89.0,1314030.0
1808,0.0,27.9285,-73.0,6321070.0
1809,0.0,27.9285,-92.0,1314040.0
1810,0.0,27.9285,-88.0,16170700.0
1811,0.0,27.9285,-90.0,1314040.0
1812,0.0,27.9285,-108.0,12116900.0
1813,0.0,27.9285,-72.0,1314040.0
1814,0.0,27.9285,-67.0,17087200.0
1815,0.0,27.9285,-80.0,1314040.0
1816,0.0,27.9285,-92.0,36484300.0
1817,0.0,27.9285,-100.0,1314040.0
1818,0.0,27.9285,-67.0,15758100.0
1819,0.0,27.9285,-78.0,1314030.0
1820,0.0,27.9285,-109.0,3713040.0
1821,0.0,27.9285,-108.0,1314040.0
1822,0.0,27.9285,-109.0,11675300.0
1823,0.0,27.9285,-66.0,1314030.0
1824,0.0,27.9285,-106.0,4006540.0
1825,0.0,99.1211,-70.0,28432.0
1826,0.0,99.1211,-71.0,2445820.0
1827,0.0,99.1211,-71.0,8067630.0
1828,0.0,99.1211,-85.0,9409370.0
1829,0.0,99.1211,-103.0,13617300.0
1830,0.0,99.1211,-76.0,5104780.0
1831,0.0,99.1211,-86.0,9456710.0
1832,0.0,99.1211,-90.0,22442000.0
1833,0.0,99.1211,-81.0,12125100.0
1834,0.0,99.1211,-90.0,12212300.0
1835,0.0,99.1211,-84.0,16012800.0
1836,0.0,99.1211,-96.0,1314040.0
1837,0.0,99.1211,-69.0,8430790.0
1838,0.0,99.1211,-109.0,1314040.0
1839,0.0,99.1211,-88.0,8619540.0
1840,0.0,99.1211,-91.0,1314040.0
1841,0.0,99.1211,-109.0,11079900.0
1842,0.0,99.1211,-73.0,1314040.0
1843,0.0,99.1211,-71.0,19250900.0
1844,0.0,99.1211,-71.0,1314040.0
1845,0.0,99.1211,-88.0,14919000.0
1846,0.0,99.1211,-106.0,1314030.0
1847,0.0,99.1211,-108.0,4170360.0
1848,0.0,99.1211,-106.0,1314030.0
1849,0.0,99.1211,-97.0,6321070.0
1850,0.0,99.1211,-77.0,1314040.0
1851,0.0,99.1211,-80.0,16170700.0
1852,0.0,99.1211,-68.0,1314040.0
1853,0.0,99.1211,-96.0,12116900.0
1854,0.0,99.1211,-99.0,1314040.0
1855,0.0,99.1211,-84.0,17087200.0
1856,0.0,99.1211,-108.0,1314040.0
1857,0.0,99.1211,-76.0,36484300.0
1858,0.0,99.1211,-106.0,1314040.0
1859,0.0,99.1211,-87.0,15758100.0
1860,0.0,99.1211,-109.0,1314030.0
1861,0.0,99.1211,-104.0,3713040.0
1862,0.0,99.1211,-106.0,1314040.0
1863,0.0,99.1211,-82.0,11675300.0
1864,0.0,99.1211,-89.0,1314030.0
1865,0.0,99.1211,-86.0,4006540.0
1866,0.0,100.0,-90.0,19024.0
1867,0.0,100.0,-78.0,1147520.0
1868,0.0,100.0,-75.0,3069420.0
1869,0.0,100.0,-86.0,2631060.0
1870,0.0,100.0,-81.0,1950780.0
1871,0.0,100.0,-106.0,1943350.0
1872,0.0,100.0,-98.0,798432.0
1873,0.0,100.0,-99.0,1364770.0
1874,0.0,100.0,-104.0,2775900.0
1875,0.0,100.0,-86.0,2119980.0
1876,0.0,100.0,-91.0,1463820.0
1877,0.0,100.0,-92.0,6320.0
1878,0.0,100.0,-86.0,1554280.0
1879,0.0,100.0,-105.0,6320.0
1880,0.0,100.0,-72.0,1358480.0
1881,0.0,100.0,-73.0,6320.0
1882,0.0,100.0,-107.0,1386010.0
1883,0.0,100.0,-99.0,6320.0
1884,0.0,100.0,-76.0,2246970.0
1885,0.0,100.0,-91.0,6320.0
1886,0.0,100.0,-110.0,1321640.0
1887,0.0,100.0,-80.0,6312.0
1888,0.0,100.0,-108.0,685056.0
1889,0.0,100.0,-78.0,6312.0
1890,0.0,100.0,-67.0,859040.0
1891,0.0,100.0,-86.0,6320.0
1892,0.0,100.0,-81.0,1877800.0
1893,0.0,100.0,-73.0,6320.0
1894,0.0,100.0,-77.0,1459030.0
1895,0.0,100.0,-94.0,6320.0
1896,0.0,100.0,-97.0,2000650.0
1897,0.0,100.0,-80.0,6320.0
1898,0.0,100.0,-94.0,3663370.0
1899,0.0,100.0,-98.0,6320.0
1900,0.0,100.0,-70.0,1776480.0
1901,0.0,100.0,-88.0,6312.0
1902,0.0,100.0,-76.0,569664.0
1903,0.0,100.0,-75.0,6320.0
1904,0.0,100.0,-82.0,982552.0
1905,0.0,100.0,-102.0,6312.0
1906,0.0,100.0,-105.0,639328.0
1907,0.0,169.544,-70.0,28432.0
1908,0.0,169.544,-91.0,2445820.0
1909,0.0,169.544,-87.0,4388060.0
1910,0.0,169.544,-88.0,1946070.0
1911,0.0,169.544,-103.0,1995100.0
1912,0.0,169.544,-91.0,1866850.0
1913,0.0,169.544,-79.0,2710050.0
1914,0.0,169.544,-83.0,2072940.0
1915,0.0,169.544,-96.0,1830740.0
1916,0.0,169.544,-102.0,1314030.0
1917,0.0,169.544,-79.0,246568.0
1918,0.0,169.544,-71.0,1314030.0
1919,0.0,169.544,-106.0,50768.0
1920,0.0,169.544,-108.0,1314030.0
1921,0.0,169.544,-80.0,78296.0
1922,0.0,169.544,-78.0,1314030.0
1923,0.0,169.544,-103.0,939256.0
1924,0.0,169.544,-93.0,1314030.0
1925,0.0,169.544,-89.0,13928.0
1926,0.0,169.544,-96.0,691368.0
1927,0.0,169.544,-87.0,865352.0
1928,0.0,169.544,-89.0,1314030.0
1929,0.0,169.544,-84.0,570088.0
1930,0.0,169.544,-86.0,1314030.0
1931,0.0,169.544,-88.0,151320.0
1932,0.0,169.544,-109.0,1314030.0
1933,0.0,169.544,-73.0,692936.0
1934,0.0,169.544,-82.0,1314030.0
1935,0.0,169.544,-97.0,2355660.0
1936,0.0,169.544,-91.0,1314030.0
1937,0.0,169.544,-80.0,468768.0
1938,0.0,169.544,-76.0,575976.0
1939,0.0,169.544,-105.0,988872.0
1940,0.0,169.544,-85.0,645640.0
1941,0.0,120.125,-84.0,28432.0
1942,0.0,120.125,-106.0,2445820.0
1943,0.0,120.125,-94.0,4388060.0
1944,0.0,120.125,-102.0,1946070.0
1945,0.0,120.125,-79.0,1995100.0
1946,0.0,120.125,-92.0,1866850.0
1947,0.0,120.125,-81.0,2710050.0
1948,0.0,120.125,-85.0,2072940.0
1949,0.0,120.125,-100.0,1830740.0
1950,0.0,120.125,-103.0,1314030.0
1951,0.0,120.125,-101.0,246568.0
1952,0.0,120.125,-107.0,1314030.0
1953,0.0,120.125,-98.0,50768.0
1954,0.0,120.125,-76.0,1314030.0
1955,0.0,120.125,-93.0,78296.0
1956,0.0,120.125,-78.0,1314030.0
1957,0.0,120.125,-104.0,939256.0
1958,0.0,120.125,-67.0,1314030.0
1959,0.0,120.125,-84.0,13928.0
1960,0.0,120.125,-79.0,691368.0
1961,0.0,120.125,-109.0,865352.0
1962,0.0,120.125,-74.0,1314030.0
1963,0.0,120.125,-86.0,570088.0
1964,0.0,120.125,-66.0,1314030.0
1965,0.0,120.125,-101.0,151320.0
1966,0.0,120.125,-106.0,1314030.0
1967,0.0,120.125,-105.0,692936.0
1968,0.0,120.125,-75.0,1314030.0
1969,0.0,120.125,-68.0,2355660.0
1970,0.0,120.125,-94.0,1314030.0
1971,0.0,120.125,-99.0,468768.0
1972,0.0,120.125,-79.0,575976.0
1973,0.0,120.125,-94.0,988872.0
1974,0.0,120.125,-103.0,645640.0
1975,0.0,108.701,-105.0,28432.0
1976,0.0,108.701,-108.0,2445820.0
1977,0.0,108.701,-96.0,4388060.0
1978,0.0,108.701,-76.0,1946070.0
1979,0.0,108.701,-69.0,1995100.0
1980,0.0,108.701,-102.0,1866850.0
1981,0.0,108.701,-91.0,2710050.0
1982,0.0,108.701,-93.0,2072940.0
1983,0.0,108.701,-95.0,1830740.0
1984,0.0,108.701,-97.0,1314030.0
1985,0.0,108.701,-107.0,246568.0
1986,0.0,108.701,-75.0,1314030.0
1987,0.0,108.701,-80.0,50768.0
1988,0.0,108.701,-70.0,1314030.0
1989,0.0,108.701,-74.0,78296.0
1990,0.0,108.701,-92.0,1314030.0
1991,0.0,108.701,-75.0,939256.0
1992,0.0,108.701,-87.0,1314030.0
1993,0.0,108.701,-83.0,13928.0
1994,0.0,108.701,-90.0,691368.0
1995,0.0,108.701,-76.0,865352.0
1996,0.0,108.701,-76.0,1314030.0
1997,0.0,108.701,-68.0,570088.0
1998,0.0,108.701,-93.0,1314030.0
1999,0.0,108.701,-88.0,151320.0
2000,0.0,108.701,-74.0,1314030.0
2001,0.0,108.701,-67.0,692936.0
2002,0.0,108.701,-81.0,1314030.0
2003,0.0,108.701,-89.0,2355660.0
2004,0.0,108.701,-101.0,1314030.0
2005,0.0,108.701,-96.0,468768.0
2006,0.0,108.701,-105.0,575976.0
2007,0.0,108.701,-66.0,988872.0
2008,0.0,108.701,-95.0,645640.0
2009,0.0,107.694,-107.0,28432.0
2010,0.0,107.694,-72.0,2445820.0
2011,0.0,107.694,-93.0,8067630.0
2012,0.0,107.694,-76.0,9409370.0
2013,0.0,107.694,-109.0,13617300.0
2014,0.0,107.694,-93.0,5104780.0
2015,0.0,107.694,-96.0,9456710.0
2016,0.0,107.694,-86.0,22442000.0
2017,0.0,107.694,-109.0,12125100.0
2018,0.0,107.694,-69.0,12212300.0
2019,0.0,107.694,-90.0,16012800.0
2020,0.0,107.694,-68.0,1314040.0
2021,0.0,107.694,-91.0,8430790.0
2022,0.0,107.694,-79.0,1314040.0
2023,0.0,107.694,-99.0,8619540.0
2024,0.0,107.694,-92.0,1314040.0
2025,0.0,107.694,-99.0,11079900.0
2026,0.0,107.694,-101.0,1314040.0
2027,0.0,107.694,-81.0,19250900.0
2028,0.0,107.694,-97.0,1314040.0
2029,0.0,107.694,-88.0,14919000.0
2030,0.0,107.694,-75.0,1314030.0
2031,0.0,107.694,-108.0,4170360.0
2032,0.0,107.694,-75.0,1314030.0
2033,0.0,107.694,-78.0,6321070.0
2034,0.0,107.694,-108.0,1314040.0
2035,0.0,107.694,-73.0,16170700.0
2036,0.0,107.694,-104.0,1314040.0
2037,0.0,107.694,-68.0,12116900.0
2038,0.0,107.694,-76.0,1314040.0
2039,0.0,107.694,-83.0,17087200.0
2040,0.0,107.694,-78.0,1314040.0
2041,0.0,107.694,-105.0,36484300.0
2042,0.0,107.694,-88.0,1314040.0
2043,0.0,107.694,-95.0,15758100.0
2044,0.0,107.694,-96.0,1314030.0
2045,0.0,107.694,-70.0,3713040.0
2046,0.0,107.694,-89.0,1314040.0
2047,0.0,107.694,-110.0,11675300.0
2048,0.0,107.694,-91.0,1314030.0
2049,0.0,107.694,-79.0,4006540.0
2050,0.0,126.791,-88.0,28432.0
2051,0.0,126.791,-100.0,2008350.0
2052,0.0,126.791,-107.0,4825540.0
2053,0.0,126.791,-84.0,1946070.0
2054,0.0,126.791,-70.0,1966870.0
2055,0.0,126.791,-105.0,1895070.0
2056,0.0,126.791,-81.0,2705340.0
2057,0.0,126.791,-72.0,2068240.0
2058,0.0,126.791,-93.0,1840140.0
2059,0.0,126.791,-108.0,876560.0
2060,0.0,126.791,-99.0,684040.0
2061,0.0,126.791,-109.0,876560.0
2062,0.0,126.791,-91.0,488240.0
2063,0.0,126.791,-108.0,876560.0
2064,0.0,126.791,-87.0,515768.0
2065,0.0,126.791,-87.0,876560.0
2066,0.0,126.791,-92.0,1376730.0
2067,0.0,126.791,-92.0,876560.0
2068,0.0,126.791,-88.0,451400.0
2069,0.0,126.791,-86.0,691368.0
2070,0.0,126.791,-98.0,865352.0
2071,0.0,126.791,-94.0,876560.0
2072,0.0,126.791,-80.0,1007560.0
2073,0.0,126.791,-83.0,876560.0
2074,0.0,126.791,-86.0,588792.0
2075,0.0,126.791,-76.0,876560.0
2076,0.0,126.791,-107.0,1130410.0
2077,0.0,126.791,-102.0,876560.0
2078,0.0,126.791,-109.0,2793130.0
2079,0.0,126.791,-103.0,876560.0
2080,0.0,126.791,-77.0,906240.0
2081,0.0,126.791,-106.0,575976.0
2082,0.0,126.791,-71.0,876560.0
2083,0.0,126.791,-76.0,112312.0
2084,0.0,126.791,-71.0,645640.0
2085,0.0,56.9298,-108.0,28432.0
2086,0.0,56.9298,-92.0,2445820.0
2087,0.0,56.9298,-98.0,4388060.0
2088,0.0,56.9298,-82.0,1946070.0
2089,0.0,56.9298,-87.0,1995100.0
2090,0.0,56.9298,-96.0,1866850.0
2091,0.0,56.9298,-103.0,2710050.0
2092,0.0,56.9298,-94.0,2072940.0
2093,0.0,56.9298,-79.0,1830740.0
2094,0.0,56.9298,-105.0,1314030.0
2095,0.0,56.9298,-103.0,246568.0
2096,0.0,56.9298,-105.0,1314030.0
2097,0.0,56.9298,-69.0,50768.0
2098,0.0,56.9298,-89.0,1314030.0
2099,0.0,56.9298,-105.0,78296.0
2100,0.0,56.9298,-85.0,1314030.0
2101,0.0,56.9298,-84.0,939256.0
2102,0.0,56.9298,-81.0,1314030.0
2103,0.0,56.9298,-97.0,13928.0
2104,0.0,56.9298,-98.0,691368.0
2105,0.0,56.9298,-103.0,865352.0
2106,0.0,56.9298,-74.0,1314030.0
2107,0.0,56.9298,-82.0,570088.0
2108,0.0,56.9298,-87.0,1314030.0
2109,0.0,56.9298,-80.0,151320.0
2110,0.0,56.9298,-98.0,1314030.0
2111,0.0,56.9298,-105.0,692936.0
2112,0.0,56.9298,-104.0,1314030.0
2113,0.0,56.9298,-93.0,2355660.0
2114,0.0,56.9298,-103.0,1314030.0
2115,0.0,56.9298,-88.0,468768.0
2116,0.0,56.9298,-77.0,575976.0
2117,0.0,56.9298,-70.0,988872.0
2118,0.0,56.9298,-86.0,645640.0
2119,0.0,158.912,-85.0,19024.0
2120,0.0,158.912,-77.0,2017760.0
2121,0.0,158.912,-105.0,6922730.0
2122,0.0,158.912,-103.0,7733960.0
2123,0.0,158.912,-97.0,7719900.0
2124,0.0,158.912,-95.0,9537420.0
2125,0.0,158.912,-100.0,6035000.0
2126,0.0,158.912,-70.0,8722890.0
2127,0.0,158.912,-98.0,25296000.0
2128,0.0,158.912,-101.0,10476000.0
2129,0.0,158.912,-82.0,9497380.0
2130,0.0,158.912,-85.0,16950500.0
2131,0.0,158.912,-82.0,9738500.0
2132,0.0,158.912,-86.0,876568.0
2133,0.0,158.912,-83.0,9057010.0
2134,0.0,158.912,-102.0,876568.0
2135,0.0,158.912,-94.0,11517400.0
2136,0.0,158.912,-85.0,876568.0
2137,0.0,158.912,-78.0,19688400.0
2138,0.0,158.912,-81.0,876568.0
2139,0.0,158.912,-78.0,15356400.0
2140,0.0,158.912,-83.0,876560.0
2141,0.0,158.912,-73.0,4607830.0
2142,0.0,158.912,-100.0,876560.0
2143,0.0,158.912,-80.0,6758540.0
2144,0.0,158.912,-92.0,876568.0
2145,0.0,158.912,-72.0,16608100.0
2146,0.0,158.912,-76.0,876568.0
2147,0.0,158.912,-108.0,12554400.0
2148,0.0,158.912,-91.0,876568.0
2149,0.0,158.912,-85.0,17524700.0
2150,0.0,158.912,-71.0,876568.0
2151,0.0,158.912,-67.0,28375900.0
2152,0.0,158.912,-99.0,8545800.0
2153,0.0,158.912,-66.0,876568.0
2154,0.0,158.912,-68.0,16195600.0
2155,0.0,158.912,-91.0,876560.0
2156,0.0,158.912,-82.0,4150510.0
2157,0.0,158.912,-89.0,876568.0
2158,0.0,158.912,-102.0,12112700.0
2159,0.0,158.912,-107.0,876560.0
2160,0.0,158.912,-85.0,4444020.0
2161,0.0,84.8116,-98.0,28432.0
2162,0.0,84.8116,-69.0,2445820.0
2163,0.0,84.8116,-94.0,4388060.0
2164,0.0,84.8116,-68.0,1946070.0
2165,0.0,84.8116,-109.0,1995100.0
2166,0.0,84.8116,-87.0,1866850.0
2167,0.0,84.8116,-91.0,2710050.0
2168,0.0,84.8116,-108.0,2072940.0
2169,0.0,84.8116,-105.0,1830740.0
2170,0.0,84.8116,-75.0,1314030.0
2171,0.0,84.8116,-70.0,246568.0
2172,0.0,84.8116,-108.0,1314030.0
2173,0.0,84.8116,-110.0,50768.0
2174,0.0,84.8116,-66.0,1314030.0
2175,0.0,84.8116,-70.0,78296.0
2176,0.0,84.8116,-105.0,1314030.0
2177,0.0,84.8116,-89.0,939256.0
2178,0.0,84.8116,-79.0,1314030.0
2179,0.0,84.8116,-102.0,13928.0
2180,0.0,84.8116,-104.0,691368.0
2181,0.0,84.8116,-105.0,865352.0
2182,0.0,84.8116,-85.0,1314030.0
2183,0.0,84.8116,-84.0,570088.0
2184,0.0,84.8116,-81.0,1314030.0
2185,0.0,84.8116,-107.0,151320.0
2186,0.0,84.8116,-83.0,1314030.0
2187,0.0,84.8116,-83.0,692936.0
2188,0.0,84.8116,-77.0,1314030.0
2189,0.0,84.8116,-87.0,2355660.0
2190,0.0,84.8116,-84.0,1314030.0
2191,0.0,84.8116,-89.0,468768.0
2192,0.0,84.8116,-82.0,575976.0
2193,0.0,84.8116,-88.0,988872.0
2194,0.0,84.8116,-75.0,645640.0
2195,0.0,155.335,-78.0,28432.0
2196,0.0,155.335,-67.0,2445830.0
2197,0.0,155.335,-96.0,44045400.0
2198,0.0,155.335,-108.0,13743200.0
2199,0.0,155.335,-80.0,27620200.0
2200,0.0,155.335,-88.0,14389900.0
2201,0.0,155.335,-83.0,13613800.0
2202,0.0,155.335,-107.0,5108310.0
2203,0.0,155.335,-95.0,9456710.0
2204,0.0,155.335,-95.0,25869900.0
2205,0.0,155.335,-91.0,16713000.0
2206,0.0,155.335,-88.0,11571800.0
2207,0.0,155.335,-79.0,11597900.0
2208,0.0,155.335,-91.0,6779690.0
2209,0.0,155.335,-68.0,1314040.0
2210,0.0,155.335,-83.0,8619540.0
2211,0.0,155.335,-83.0,1314040.0
2212,0.0,155.335,-99.0,11079900.0
2213,0.0,155.335,-87.0,1314040.0
2214,0.0,155.335,-108.0,19250900.0
2215,0.0,155.335,-72.0,1314040.0
2216,0.0,155.335,-103.0,14919000.0
2217,0.0,155.335,-67.0,1314030.0
2218,0.0,155.335,-66.0,4170360.0
2219,0.0,155.335,-107.0,1314030.0
2220,0.0,155.335,-90.0,6321070.0
2221,0.0,155.335,-75.0,1314040.0
2222,0.0,155.335,-85.0,16170700.0
2223,0.0,155.335,-95.0,1314040.0
2224,0.0,155.335,-83.0,12116900.0
2225,0.0,155.335,-91.0,1314040.0
2226,0.0,155.335,-104.0,17087200.0
2227,0.0,155.335,-94.0,1314040.0
2228,0.0,155.335,-105.0,36484300.0
2229,0.0,155.335,-71.0,1314040.0
2230,0.0,155.335,-107.0,15758100.0
2231,0.0,155.335,-91.0,1314030.0
2232,0.0,155.335,-108.0,3713040.0
2233,0.0,155.335,-89.0,1314040.0
2234,0.0,155.335,-79.0,11675300.0
2235,0.0,155.335,-92.0,1314030.0
2236,0.0,155.335,-87.0,4006540.0
2237,0.0,68.4544,-97.0,19024.0
2238,0.0,68.4544,-87.0,2017760.0
2239,0.0,68.4544,-93.0,4825540.0
2240,0.0,68.4544,-79.0,1946070.0
2241,0.0,68.4544,-67.0,1952760.0
2242,0.0,68.4544,-67.0,1909180.0
2243,0.0,68.4544,-102.0,2705340.0
2244,0.0,68.4544,-93.0,2068240.0
2245,0.0,68.4544,-85.0,1840140.0
2246,0.0,68.4544,-90.0,876560.0
2247,0.0,68.4544,-104.0,684040.0
2248,0.0,68.4544,-77.0,876560.0
2249,0.0,68.4544,-74.0,488240.0
2250,0.0,68.4544,-104.0,876560.0
2251,0.0,68.4544,-86.0,515768.0
2252,0.0,68.4544,-68.0,876560.0
2253,0.0,68.4544,-100.0,1376730.0
2254,0.0,68.4544,-100.0,876560.0
2255,0.0,68.4544,-91.0,451400.0
2256,0.0,68.4544,-105.0,691368.0
2257,0.0,68.4544,-70.0,865352.0
2258,0.0,68.4544,-70.0,876560.0
2259,0.0,68.4544,-97.0,1007560.0
2260,0.0,68.4544,-69.0,876560.0
2261,0.0,68.4544,-86.0,588792.0
2262,0.0,68.4544,-104.0,876560.0
2263,0.0,68.4544,-107.0,1130410.0
2264,0.0,68.4544,-92.0,876560.0
2265,0.0,68.4544,-69.0,2793130.0
2266,0.0,68.4544,-92.0,876560.0
2267,0.0,68.4544,-80.0,906240.0
2268,0.0,68.4544,-66.0,575976.0
2269,0.0,68.4544,-88.0,876560.0
2270,0.0,68.4544,-86.0,112312.0
2271,0.0,68.4544,-102.0,645640.0
2272,0.0,38.3797,-80.0,10985700.0
2273,0.0,38.3797,-105.0,45831700.0
2274,0.0,38.3797,-72.0,45833700.0
2275,0.0,38.3797,-101.0,44685900.0
2276,0.0,38.3797,-93.0,45831700.0
2277,0.0,38.3797,-72.0,44687900.0
2278,0.0,38.3797,-110.0,45831700.0
2279,0.0,38.3797,-67.0,45831700.0
2280,0.0,38.3797,-110.0,44687900.0
2281,0.0,38.3797,-77.0,45831700.0
2282,0.0,38.3797,-73.0,44685900.0
2283,0.0,38.3797,-70.0,45833700.0
2284,0.0,38.3797,-106.0,45831700.0
2285,0.0,38.3797,-73.0,44685900.0
2286,0.0,38.3797,-81.0,45831700.0
2287,0.0,38.3797,-69.0,45099800.0
2288,0.0,38.3797,-99.0,45419700.0
2289,0.0,38.3797,-75.0,45831700.0
2290,0.0,38.3797,-83.0,44687900.0
2291,0.0,38.3797,-90.0,45831700.0
2292,0.0,38.3797,-87.0,45509100.0
2293,0.0,38.3797,-101.0,45010500.0
2294,0.0,38.3797,-99.0,45831700.0
2295,0.0,38.3797,-80.0,44685900.0
2296,0.0,38.3797,-68.0,45833700.0
2297,0.0,38.3797,-66.0,45831700.0
2298,0.0,38.3797,-97.0,44685900.0
2299,0.0,38.3797,-71.0,45833700.0
2300,0.0,38.3797,-93.0,44685900.0
2301,0.0,38.3797,-108.0,45831700.0
2302,0.0,38.3797,-104.0,45833700.0
2303,0.0,38.3797,-108.0,44685900.0
2304,0.0,38.3797,-66.0,45831700.0
2305,0.0,38.3797,-93.0,44687900.0
2306,0.0,38.3797,-80.0,45831700.0
2307,0.0,38.3797,-89.0,45831700.0
2308,0.0,38.3797,-90.0,44687900.0
2309,0.0,38.3797,-91.0,45831700.0
2310,0.0,38.3797,-91.0,44685900.0
2311,0.0,38.3797,-109.0,45833700.0
2312,0.0,38.3797,-75.0,45831700.0
2313,0.0,38.3797,-67.0,44685900.0
2314,0.0,38.3797,-68.0,45831700.0
2315,0.0,38.3797,-92.0,44687900.0
2316,0.0,38.3797,-86.0,45831700.0
2317,0.0,38.3797,-104.0,45831700.0
2318,0.0,38.3797,-99.0,44687900.0
2319,0.0,38.3797,-88.0,45831700.0
2320,0.0,38.3797,-89.0,44685900.0
2321,0.0,38.3797,-102.0,45833700.0
2322,0.0,38.3797,-100.0,45831700.0
2323,0.0,38.3797,-104.0,44685900.0
2324,0.0,38.3797,-109.0,45833700.0
2325,0.0,38.3797,-70.0,44685900.0
2326,0.0,38.3797,-81.0,45831700.0
2327,0.0,38.3797,-104.0,45833700.0
2328,0.0,38.3797,-95.0,44685900.0
2329,0.0,38.3797,-99.0,45831700.0
2330,0.0,38.3797,-98.0,44687900.0
2331,0.0,38.3797,-67.0,45831700.0
2332,0.0,38.3797,-69.0,45831700.0
2333,0.0,38.3797,-68.0,44687900.0
2334,0.0,38.3797,-109.0,45831700.0
2335,0.0,38.3797,-72.0,44888200.0
2336,0.0,38.3797,-77.0,45631400.0
2337,0.0,38.3797,-78.0,45831700.0
2338,0.0,38.3797,-92.0,44685900.0
2339,0.0,38.3797,-99.0,45833700.0
2340,0.0,38.3797,-68.0,45304800.0
2341,0.0,38.3797,-70.0,45212700.0
2342,0.0,38.3797,-110.0,45833700.0
2343,0.0,38.3797,-72.0,44685900.0
2344,0.0,38.3797,-103.0,45831700.0
2345,0.0,38.3797,-102.0,45716100.0
2346,0.0,38.3797,-98.0,44803500.0
2347,0.0,38.3797,-87.0,45831700.0
2348,0.0,38.3797,-74.0,44685900.0
2349,0.0,38.3797,-89.0,45833700.0
2350,0.0,100.0,-98.0,2649990.0
2351,0.0,100.0,-91.0,30851700.0
2352,0.0,100.0,-100.0,31013600.0
2353,0.0,100.0,-95.0,31011600.0
2354,0.0,100.0,-69.0,31011600.0
2355,0.0,100.0,-75.0,31011600.0
2356,0.0,100.0,-74.0,31011600.0
2357,0.0,100.0,-75.0,30936400.0
2358,0.0,100.0,-84.0,30961900.0
2359,0.0,100.0,-78.0,30936400.0
2360,0.0,100.0,-87.0,30936400.0
2361,0.0,100.0,-106.0,30936400.0
2362,0.0,100.0,-87.0,30938400.0
2363,0.0,100.0,-94.0,30936400.0
2364,0.0,100.0,-84.0,30936400.0
2365,0.0,100.0,-90.0,30936400.0
2366,0.0,100.0,-86.0,30936400.0
2367,0.0,100.0,-85.0,30938400.0
2368,0.0,100.0,-68.0,30936400.0
2369,0.0,100.0,-107.0,30936400.0
2370,0.0,100.0,-102.0,30936400.0
2371,0.0,100.0,-109.0,30938400.0
2372,0.0,100.0,-77.0,30936400.0
2373,0.0,100.0,-98.0,30936400.0
2374,0.0,100.0,-81.0,30936400.0
2375,0.0,100.0,-89.0,30936400.0
2376,0.0,100.0,-109.0,30938400.0
2377,0.0,100.0,-91.0,30936400.0
